,DATE,VALUE
0,2006-09-26,0.7524280936307193
1,2006-09-27,0.017958636491899327
2,2006-09-28,0.17133444968626677
3,2006-09-29,-0.22631074374287463
4,2006-10-02,-0.339112129330843
5,2006-10-03,0.20956938790537283
6,2006-10-04,1.2060449286025232
7,2006-10-05,0.2236720219570998
8,2006-10-06,-0.26824943182935934
9,2006-10-09,0.07928840510640356
10,2006-10-10,0.20434526052304225
11,2006-10-11,-0.2563943683974057
12,2006-10-12,0.9541098076733423
13,2006-10-13,0.2047239312655602
14,2006-10-16,0.25190488487738527
15,2006-10-17,-0.36594521432252725
16,2006-10-18,0.12829441276758224
17,2006-10-19,0.08492546990097605
18,2006-10-20,0.11997532446470505
19,2006-10-23,0.6152304614580828
20,2006-10-24,0.026142346985280618
21,2006-10-25,0.3513892900401272
22,2006-10-26,0.49630199946197884
23,2006-10-27,-0.8451630291836709
24,2006-10-30,0.042842573748558266
25,2006-10-31,0.0007175759964006545
26,2006-11-01,-0.7351469035843494
27,2006-11-02,-0.03436827873022352
28,2006-11-03,-0.22232342125417803
29,2006-11-06,1.1346463325312195
30,2006-11-07,0.2217698805944357
31,2006-11-08,0.20826740288086842
32,2006-11-09,-0.5332978382845854
33,2006-11-10,0.18646249021037065
34,2006-11-13,0.25490763045961096
35,2006-11-14,0.6356399415263114
36,2006-11-15,0.2404484328664136
37,2006-11-16,0.22842131788951558
38,2006-11-17,0.10287059183031744
39,2006-11-20,-0.04995369656483062
40,2006-11-21,0.1649452762406245
41,2006-11-22,0.23380978817977294
42,2006-11-24,-0.3655537535565023
43,2006-11-27,-1.3555081120842472
44,2006-11-28,0.3444390503467121
45,2006-11-29,0.9201576407062984
46,2006-11-30,0.08217512433992269
47,2006-12-01,-0.2798771932377986
48,2006-12-04,0.888519057411008
49,2006-12-05,0.40025084222643503
50,2006-12-06,-0.13147002592126533
51,2006-12-07,-0.39705465741561863
52,2006-12-08,0.1811941168510689
53,2006-12-11,0.22698131133809252
54,2006-12-12,-0.10473733424651854
55,2006-12-13,0.11688502615989638
56,2006-12-14,0.8689458492585622
57,2006-12-15,0.11224039431343424
58,2006-12-18,-0.323033968563613
59,2006-12-19,0.2158250661892236
60,2006-12-20,-0.14170106008628558
61,2006-12-21,-0.3673951628075822
62,2006-12-22,-0.5316251006780903
63,2006-12-26,0.4352274381138388
64,2006-12-27,0.7015273650207154
65,2006-12-28,-0.14787820653379136
66,2006-12-29,-0.4513087903512458
67,2007-01-03,-0.11986696634412874
68,2007-01-04,0.12282862236074887
69,2007-01-05,-0.6084581335068839
70,2007-01-08,0.222031834174663
71,2007-01-09,-0.051667597633831
72,2007-01-10,0.19403518584233392
73,2007-01-11,0.6339874091180642
74,2007-01-12,0.4853165737491727
75,2007-01-16,0.0817795084526729
76,2007-01-17,-0.08939376178855873
77,2007-01-18,-0.2970739969038294
78,2007-01-19,0.28954653399542174
79,2007-01-22,-0.5277909002534109
80,2007-01-23,0.3541965097471733
81,2007-01-24,0.8501470410478884
82,2007-01-25,-1.1269802319041844
83,2007-01-26,-0.1207929400684371
84,2007-01-29,-0.1096948722968838
85,2007-01-30,0.5772093311412707
86,2007-01-31,0.6592883847806208
87,2007-02-01,0.5353731800087358
88,2007-02-02,0.16944502133364736
89,2007-02-05,-0.09666073363550076
90,2007-02-06,0.06980074309024253
91,2007-02-07,0.13950411127416906
92,2007-02-08,-0.11792671235344443
93,2007-02-09,-0.7077213846013231
94,2007-02-12,-0.32613821992586445
95,2007-02-13,0.7597490309923183
96,2007-02-14,0.7644080004882037
97,2007-02-15,0.10375934274453602
98,2007-02-16,-0.08717811383565088
99,2007-02-20,0.2844315193901492
100,2007-02-21,-0.1404450806129165
101,2007-02-22,-0.08575564414925463
102,2007-02-23,-0.3563673944411261
103,2007-02-26,-0.12541061904680628
104,2007-02-27,-3.4725402225963764
105,2007-02-28,0.5560889616694542
106,2007-03-01,-0.25944345993798024
107,2007-03-02,-1.1402751982227732
108,2007-03-05,-0.9407677800631231
109,2007-03-06,1.549358071940743
110,2007-03-07,-0.24652707034493737
111,2007-03-08,0.7126622092502144
112,2007-03-09,0.06776217548800645
113,2007-03-12,0.26802841786919274
114,2007-03-13,-2.0368281609082217
115,2007-03-14,0.6691166660731218
116,2007-03-15,0.3683748343518811
117,2007-03-16,-0.3828308970065253
118,2007-03-19,1.0894486429815275
119,2007-03-20,0.6333453947334089
120,2007-03-21,1.7080881296924755
121,2007-03-22,-0.03484223341437831
122,2007-03-23,0.1094390010953239
123,2007-03-26,0.09679026415914116
124,2007-03-27,-0.6184358016304348
125,2007-03-28,-0.7965788423361819
126,2007-03-29,0.37397238988494674
127,2007-03-30,-0.11739955648866207
128,2007-04-02,0.2597063408502853
129,2007-04-03,0.9280102663995704
130,2007-04-04,0.11128174632957233
131,2007-04-05,0.3049955649575775
132,2007-04-09,0.058872359685002706
133,2007-04-10,0.2616643478312364
134,2007-04-11,-0.6572828751212234
135,2007-04-12,0.6206296427920366
136,2007-04-13,0.34880001295067853
137,2007-04-16,1.0654906376349693
138,2007-04-17,0.21453110052500612
139,2007-04-18,0.06931929382587576
140,2007-04-19,-0.12020506154498678
141,2007-04-20,0.9260704070808812
142,2007-04-23,-0.2303986210293818
143,2007-04-24,-0.0351143884173899
144,2007-04-25,1.0139089454322958
145,2007-04-26,-0.07824182576994243
146,2007-04-27,-0.0120497715199952
147,2007-04-30,-0.7830925989064319
148,2007-05-01,0.2651196208694806
149,2007-05-02,0.6472444863856675
150,2007-05-03,0.4325077887225248
151,2007-05-04,0.2149894792468965
152,2007-05-07,0.25637181786113405
153,2007-05-08,-0.11659709227004322
154,2007-05-09,0.32234005292746115
155,2007-05-10,-1.3956277330703482
156,2007-05-11,0.9641498096024881
157,2007-05-14,-0.17929748750863395
158,2007-05-15,-0.13039836183860176
159,2007-05-16,0.8626538777668946
160,2007-05-17,-0.0918022530934981
161,2007-05-18,0.6610477607007059
162,2007-05-21,0.15432445154737184
163,2007-05-22,-0.06425680181219029
164,2007-05-23,-0.1207231600010017
165,2007-05-24,-0.9702564079535403
166,2007-05-25,0.545268067865301
167,2007-05-29,0.15702037391096546
168,2007-05-30,0.7983608061428171
169,2007-05-31,0.025487322390449485
170,2007-06-01,0.37370286036848555
171,2007-06-04,0.18486063981995038
172,2007-06-05,-0.5347069382311664
173,2007-06-06,-0.8863742592418067
174,2007-06-07,-1.7569780868271323
175,2007-06-08,1.1370393887050856
176,2007-06-11,0.09617165093236402
177,2007-06-12,-1.068171859715883
178,2007-06-13,1.5184222334435615
179,2007-06-14,0.4816303381447451
180,2007-06-15,0.6526762620259197
181,2007-06-18,-0.12133688932095543
182,2007-06-19,0.17307744745367337
183,2007-06-20,-1.3601086272203244
184,2007-06-21,0.6180412864005502
185,2007-06-22,-1.2895816927002701
186,2007-06-25,-0.32079039581859314
187,2007-06-26,-0.32381959602871824
188,2007-06-27,0.9009338290096647
189,2007-06-28,-0.04182355225962331
190,2007-06-29,-0.15673572021088766
191,2007-07-02,1.0696164157472765
192,2007-07-03,0.35802512876219605
193,2007-07-05,0.03475898263931576
194,2007-07-06,0.33039969263952695
195,2007-07-09,0.0921326045889792
196,2007-07-10,-1.4185449499020453
197,2007-07-11,0.572140934255172
198,2007-07-12,1.9054979865262611
199,2007-07-13,0.3101407882381002
200,2007-07-16,-0.19194721215780586
201,2007-07-17,-0.009681992628141067
202,2007-07-18,-0.20653240878290013
203,2007-07-19,0.44690505655788915
204,2007-07-20,-1.2220864994591185
205,2007-07-23,0.4869285458577677
206,2007-07-24,-1.9804425546862459
207,2007-07-25,0.46656121449875076
208,2007-07-26,-2.333849273648292
209,2007-07-27,-1.599158435597181
210,2007-07-30,1.0254006997153065
211,2007-07-31,-1.2646643428824822
212,2007-08-01,0.7242669003718616
213,2007-08-02,0.4359290987711706
214,2007-08-03,-2.6585989591270898
215,2007-08-06,2.4151105980530163
216,2007-08-07,0.6159366016551537
217,2007-08-08,1.4071842031649018
218,2007-08-09,-2.9649630183580356
219,2007-08-10,0.03785373521689728
220,2007-08-13,-0.04952881702965373
221,2007-08-14,-1.8156542744898196
222,2007-08-15,-1.3907838088907498
223,2007-08-16,0.3248786889889166
224,2007-08-17,2.4566469488606746
225,2007-08-20,-0.026964645415761268
226,2007-08-21,0.10860546062276821
227,2007-08-22,1.1712885751746116
228,2007-08-23,-0.10723164511653449
229,2007-08-24,1.1535039396367575
230,2007-08-27,-0.8503590106740622
231,2007-08-28,-2.3473062124790167
232,2007-08-29,2.1921880487575596
233,2007-08-30,-0.41810099171704085
234,2007-08-31,1.1216744478492524
235,2007-09-04,1.046822150297233
236,2007-09-05,-1.1501124180816724
237,2007-09-06,0.42518862449216765
238,2007-09-07,-1.6908457052106307
239,2007-09-10,-0.12728131774627505
240,2007-09-11,1.3632320540153398
241,2007-09-12,0.004761728577151736
242,2007-09-13,0.8419562970447103
243,2007-09-14,0.02021960564695391
244,2007-09-17,-0.5120414745452218
245,2007-09-18,2.920800742879237
246,2007-09-19,0.6086407125825533
247,2007-09-20,-0.672323571146749
248,2007-09-21,0.46090534979423836
249,2007-09-24,-0.5256444064394517
250,2007-09-25,-0.034262980763510864
251,2007-09-26,0.5411303128236344
252,2007-09-27,0.3907094941590916
253,2007-09-28,-0.30234199663373706
254,2007-10-01,1.3289693179957318
255,2007-10-02,-0.026504432292262514
256,2007-10-03,-0.45518572898974874
257,2007-10-04,0.21109516638531112
258,2007-10-05,0.9560291622441541
259,2007-10-08,-0.3216513893620543
260,2007-10-09,0.8096245420633474
261,2007-10-10,-0.171233023616435
262,2007-10-11,-0.5158458514124553
263,2007-10-12,0.4754224745041169
264,2007-10-15,-0.838141086014621
265,2007-10-16,-0.6573168570868315
266,2007-10-17,0.17613961937021916
267,2007-10-18,-0.07526629123547623
268,2007-10-19,-2.561552146483115
269,2007-10-22,0.3798372119262039
270,2007-10-23,0.8802858704579641
271,2007-10-24,-0.24414223711310967
272,2007-10-25,-0.09763176926820272
273,2007-10-26,1.3787641670760742
274,2007-10-29,0.37126459428287184
275,2007-10-30,-0.6463394115263088
276,2007-10-31,1.1991995609034412
277,2007-11-01,-2.6423513500588247
278,2007-11-02,0.08022082779672868
279,2007-11-05,-0.4954777827830159
280,2007-11-06,1.2049218834373487
281,2007-11-07,-2.936979868078282
282,2007-11-08,-0.057601251592553915
283,2007-11-09,-1.4287019725334527
284,2007-11-12,-0.9988235501578235
285,2007-11-13,2.9092951232353004
286,2007-11-14,-0.7069371343474851
287,2007-11-15,-1.3212427900045731
288,2007-11-16,0.5230310920731451
289,2007-11-19,-1.7460253968243356
290,2007-11-20,0.4486196985218349
291,2007-11-21,-1.5926882279853283
292,2007-11-23,1.689048420755146
293,2007-11-26,-2.3238690638891946
294,2007-11-27,1.4930153212029174
295,2007-11-28,2.8559853539212643
296,2007-11-29,0.04764749033838722
297,2007-11-30,0.7770217574065486
298,2007-12-03,-0.5887337197621245
299,2007-12-04,-0.6540256581273551
300,2007-12-05,1.5190129895446658
301,2007-12-06,1.5036906086721702
302,2007-12-07,-0.17779211733210953
303,2007-12-10,0.7509953412149439
304,2007-12-11,-2.5271074111842595
305,2007-12-12,0.6050107439882435
306,2007-12-13,0.12243243942324789
307,2007-12-14,-1.374626785493871
308,2007-12-17,-1.5020898185397868
309,2007-12-18,0.6279795215002659
310,2007-12-19,-0.13608300425632658
311,2007-12-20,0.49002031088696274
312,2007-12-21,1.6669839397931874
313,2007-12-24,0.8077004803014542
314,2007-12-26,0.08086358029313345
315,2007-12-27,-1.4282289812289406
316,2007-12-28,0.15037700920255137
317,2007-12-31,-0.6851588410961562
318,2008-01-02,-1.4437843160646446
319,2008-01-03,0.0
320,2008-01-04,-2.4551555085623233
321,2008-01-07,0.32232587947169655
322,2008-01-08,-1.8352265474000595
323,2008-01-09,1.3624083236714934
324,2008-01-10,0.7948131920451518
325,2008-01-11,-1.3595387776707546
326,2008-01-14,1.087063729028337
327,2008-01-15,-2.4925012411738723
328,2008-01-16,-0.5612078839948742
329,2008-01-17,-2.909259582902124
330,2008-01-18,-0.6045421784173999
331,2008-01-22,-1.1085159151345114
332,2008-01-23,2.1442179004912187
333,2008-01-24,1.006273042641359
334,2008-01-25,-1.5871931031674613
335,2008-01-28,1.7548324334698329
336,2008-01-29,0.6159774388638573
337,2008-01-30,-0.47639947161109975
338,2008-01-31,1.6772253672436177
339,2008-02-01,1.223749194418322
340,2008-02-04,-1.0462869384454843
341,2008-02-05,-3.1995432684296055
342,2008-02-06,-0.7623640894248274
343,2008-02-07,0.7885772846967454
344,2008-02-08,-0.4203719751894819
345,2008-02-11,0.5888999083801139
346,2008-02-12,0.7265896838448915
347,2008-02-13,1.3604062530741423
348,2008-02-14,-1.3421475932895444
349,2008-02-15,0.08377480947496796
350,2008-02-19,-0.08962740066612573
351,2008-02-20,0.8340870828184466
352,2008-02-21,-1.2867362942748706
353,2008-02-22,0.7880610357913875
354,2008-02-25,1.3812671311938196
355,2008-02-26,0.6917910698780005
356,2008-02-27,-0.09194445013966934
357,2008-02-28,-0.894187449867867
358,2008-02-29,-2.7089704735838493
359,2008-03-03,0.053355247882191925
360,2008-03-04,-0.3447628658457935
361,2008-03-05,0.5238327621537531
362,2008-03-06,-2.2013935987449718
363,2008-03-07,-0.8410361554953893
364,2008-03-10,-1.546347918654778
365,2008-03-11,3.7129844018763736
366,2008-03-12,-0.8995573894062803
367,2008-03-13,0.5126921336342294
368,2008-03-14,-2.078326255529206
369,2008-03-17,-0.895868378535658
370,2008-03-18,4.240953758720556
371,2008-03-19,-2.428719849575589
372,2008-03-20,2.39444592412823
373,2008-03-24,1.5321430427423843
374,2008-03-25,0.23038976355771457
375,2008-03-26,-0.8765759863092581
376,2008-03-27,-1.1460481132498757
377,2008-03-28,-0.795018629681199
378,2008-03-31,0.568724672326204
379,2008-04-01,3.589635162305438
380,2008-04-02,-0.19340702025878453
381,2008-04-03,0.1301638178863307
382,2008-04-04,0.07959963585104646
383,2008-04-07,0.15615985189088022
384,2008-04-08,-0.5100033369358936
385,2008-04-09,-0.8092072375784243
386,2008-04-10,0.44740519586279337
387,2008-04-11,-2.03741808670056
388,2008-04-14,-0.3383784814512292
389,2008-04-15,0.4599876286541349
390,2008-04-16,2.2691265939609684
391,2008-04-17,0.062291452439167116
392,2008-04-18,1.813900260560164
393,2008-04-21,-0.1553524830540276
394,2008-04-22,-0.8810233726340488
395,2008-04-23,0.28999174924810855
396,2008-04-24,0.6442277675030139
397,2008-04-25,0.6494736452591576
398,2008-04-28,-0.10516015703287973
399,2008-04-29,-0.3888692631555557
400,2008-04-30,-0.38463023648085404
401,2008-05-01,1.7140713043443112
402,2008-05-02,0.3235598723049016
403,2008-05-05,-0.45335837534509205
404,2008-05-06,0.7651933303949532
405,2008-05-07,-1.8113789643415146
406,2008-05-08,0.36695517058173976
407,2008-05-09,-0.6725447922866779
408,2008-05-12,1.1020778542468523
409,2008-05-13,-0.038467134690722826
410,2008-05-14,0.40055842746602455
411,2008-05-15,1.058446448937378
412,2008-05-16,0.12503981989189228
413,2008-05-19,0.08980456160241346
414,2008-05-20,-0.9273589104020541
415,2008-05-21,-1.6053532676263305
416,2008-05-22,0.2617378713519525
417,2008-05-23,-1.3210400686713863
418,2008-05-27,0.6846221470047986
419,2008-05-28,0.3962890483361736
420,2008-05-29,0.5334937252062799
421,2008-05-30,0.15161665944682934
422,2008-06-02,-1.0504263761414556
423,2008-06-03,-0.5787827748960472
424,2008-06-04,-0.03266963555412783
425,2008-06-05,1.9496150601372664
426,2008-06-06,-3.0889208795217615
427,2008-06-09,0.07936884587542714
428,2008-06-10,-0.2438071565889488
429,2008-06-11,-1.689434363076614
430,2008-06-12,0.32796987733647587
431,2008-06-13,1.5046261393385496
432,2008-06-16,0.008086979639654324
433,2008-06-17,-0.6771332979186417
434,2008-06-18,-0.9711824147480841
435,2008-06-19,0.3752324501292925
436,2008-06-20,-1.8542855877975328
437,2008-06-23,0.005307283862721057
438,2008-06-24,-0.2814841378983357
439,2008-06-25,0.5843407020038827
440,2008-06-26,-2.9365225496321257
441,2008-06-27,-0.37174293266512004
442,2008-06-30,0.12672250121246176
443,2008-07-01,0.3835964202880904
444,2008-07-02,-1.8203620507462381
445,2008-07-03,0.10939223012293997
446,2008-07-07,-0.8385434805281422
447,2008-07-08,1.7080348777318122
448,2008-07-09,-2.2776172472122824
449,2008-07-10,0.6989751385279241
450,2008-07-11,-1.1089943474586694
451,2008-07-14,-0.902785943768214
452,2008-07-15,-1.0901257116461394
453,2008-07-16,2.506354406105049
454,2008-07-17,1.2012559511679566
455,2008-07-18,0.028572698776629935
456,2008-07-21,-0.053943402129330575
457,2008-07-22,1.3492063492063444
458,2008-07-23,0.4064167115309214
459,2008-07-24,-2.3124422822433988
460,2008-07-25,0.416750805589583
461,2008-07-28,-1.8596564103509738
462,2008-07-29,2.335600846482855
463,2008-07-30,1.667199129814123
464,2008-07-31,-1.3143759639368535
465,2008-08-01,-0.5578395005305659
466,2008-08-04,-0.896608636190177
467,2008-08-05,2.8718741112345736
468,2008-08-06,0.3354349438903892
469,2008-08-07,-1.7933738369047658
470,2008-08-08,2.389283474318682
471,2008-08-11,0.6942730477737413
472,2008-08-12,-1.2050670422580567
473,2008-08-13,-0.2915663013268954
474,2008-08-14,0.5521801403690407
475,2008-08-15,0.40759339190947763
476,2008-08-18,-1.5097809523290096
477,2008-08-19,-0.9314902555218274
478,2008-08-20,0.6197331643397197
479,2008-08-21,0.24949640993341404
480,2008-08-22,1.1332671321386378
481,2008-08-25,-1.9625434383095275
482,2008-08-26,0.3686372447437414
483,2008-08-27,0.7982653959549557
484,2008-08-28,1.4840144050698667
485,2008-08-29,-1.372366525136015
486,2008-09-02,-0.4092514347066145
487,2008-09-03,-0.20350785667978544
488,2008-09-04,-2.992205759970956
489,2008-09-05,0.4430764724152825
490,2008-09-08,2.051016192977806
491,2008-09-09,-3.413816796421554
492,2008-09-10,0.6149422411268146
493,2008-09-11,1.3806377411702098
494,2008-09-12,0.2121534158087801
495,2008-09-15,-4.713589702129706
496,2008-09-16,1.7523287725070613
497,2008-09-17,-4.714070706031325
498,2008-09-18,4.3341774386062015
499,2008-09-19,4.02565630586833
500,2008-09-22,-3.8236599989398545
501,2008-09-23,-1.563263356626765
502,2008-09-24,-0.1977727730452905
503,2008-09-25,1.9656504245599393
504,2008-09-26,0.33824291161275166
505,2008-09-29,-8.806776221769596
506,2008-09-30,5.41746705821724
507,2008-10-01,-0.45439888408166373
508,2008-10-02,-4.02907919798171
509,2008-10-03,-1.3506522985628489
510,2008-10-06,-3.8517841191210267
511,2008-10-07,-5.739484084336377
512,2008-10-08,-1.133270253725105
513,2008-10-09,-7.616709580816616
514,2008-10-10,-1.1759289177065702
515,2008-10-13,11.580036951513705
516,2008-10-14,-0.5322136791994336
517,2008-10-15,-9.03497780862258
518,2008-10-16,4.2507451399756535
519,2008-10-17,-0.6212826018106576
520,2008-10-20,4.768490479313692
521,2008-10-21,-3.0799711659374562
522,2008-10-22,-6.101246975642627
523,2008-10-23,1.2634041442215027
524,2008-10-24,-3.4511200543819176
525,2008-10-27,-3.176435781413156
526,2008-10-28,10.789005877973533
527,2008-10-29,-1.1079077098555157
528,2008-10-30,2.5803953710955563
529,2008-10-31,1.536539816147986
530,2008-11-03,-0.25290448588709546
531,2008-11-04,4.082584363592434
532,2008-11-05,-5.267708721725084
533,2008-11-06,-5.026398151360678
534,2008-11-07,2.885463841688485
535,2008-11-10,-1.2653163176065019
536,2008-11-11,-2.204067545102073
537,2008-11-12,-5.189390264262972
538,2008-11-13,6.921270805966984
539,2008-11-14,-4.169913081043431
540,2008-11-17,-2.5810416464710606
541,2008-11-18,0.983837216243022
542,2008-11-19,-6.115557585198217
543,2008-11-20,-6.712293077105446
544,2008-11-21,6.324760339835156
545,2008-11-24,6.472253086203117
546,2008-11-25,0.6550776705881445
547,2008-11-26,3.532812081997916
548,2008-11-28,0.9643111965147444
549,2008-12-01,-8.92952436107991
550,2008-12-02,3.994067054843109
551,2008-12-03,2.5836162084397873
552,2008-12-04,-2.930842710506598
553,2008-12-05,3.649941753675101
554,2008-12-08,3.8387348729730597
555,2008-12-09,-2.3117543162227583
556,2008-12-10,1.189418741207482
557,2008-12-11,-2.85240465920793
558,2008-12-12,0.7028415417449585
559,2008-12-15,-1.2685680143110334
560,2008-12-16,5.136026454446818
561,2008-12-17,-0.9592862125632595
562,2008-12-18,-2.1162683238924562
563,2008-12-19,0.2936896236101161
564,2008-12-22,-1.8302022695223075
565,2008-12-23,-0.9717462330154691
566,2008-12-24,0.5781143038123382
567,2008-12-26,0.5356174910027267
568,2008-12-29,-0.3872599599089699
569,2008-12-30,2.440711296656972
570,2008-12-31,1.415834135471683
571,2009-01-02,3.1608068411811407
572,2009-01-05,-0.46683576335311283
573,2009-01-06,0.78171328961949
574,2009-01-07,-3.0009615306130777
575,2009-01-08,0.33970727091503505
576,2009-01-09,-2.1303029798827477
577,2009-01-12,-2.256412239141281
578,2009-01-13,0.17580587922576552
579,2009-01-14,-3.345987410426654
580,2009-01-15,0.1329181747024233
581,2009-01-16,0.7561576974726814
582,2009-01-20,-5.281610204671527
583,2009-01-21,4.349124562903017
584,2009-01-22,-1.5162323124874533
585,2009-01-23,0.5377658256231044
586,2009-01-26,0.5553212391849582
587,2009-01-27,1.0925582519593302
588,2009-01-28,3.3557607389604893
589,2009-01-29,-3.3120172199171183
590,2009-01-30,-2.2789134855526583
591,2009-02-02,-0.05327680035899229
592,2009-02-03,1.5833988279658762
593,2009-02-04,-0.7489510230927809
594,2009-02-05,1.6365662661559144
595,2009-02-06,2.6896022529575125
596,2009-02-09,0.14851935283901607
597,2009-02-10,-4.912120013376109
598,2009-02-11,0.7954951041488467
599,2009-02-12,0.17391659558319006
600,2009-02-13,-0.9997695807575591
601,2009-02-17,-4.55590473632177
602,2009-02-18,-0.0950365594538094
603,2009-02-19,-1.202402358417931
604,2009-02-20,-1.141296456796903
605,2009-02-23,-3.4699008021163436
606,2009-02-24,4.010331464253336
607,2009-02-25,-1.0657824039959851
608,2009-02-26,-1.577984957375933
609,2009-02-27,-2.3564403426620917
610,2009-03-02,-4.662016661802437
611,2009-03-03,-0.6406766626880556
612,2009-03-04,2.375307342984989
613,2009-03-05,-4.253230958224652
614,2009-03-06,0.12160531897855709
615,2009-03-09,-1.0023669901070842
616,2009-03-10,6.366302222212594
617,2009-03-11,0.2445816877900686
618,2009-03-12,4.072863130673077
619,2009-03-13,0.7739027671590959
620,2009-03-16,-0.35159251701146754
621,2009-03-17,3.2139940837456527
622,2009-03-18,2.085794038271138
623,2009-03-19,-1.2979162680767709
624,2009-03-20,-1.976940007446848
625,2009-03-23,7.0757548647492285
626,2009-03-24,-2.0415092769478838
627,2009-03-25,0.9626370531222062
628,2009-03-26,2.332036707485252
629,2009-03-27,-2.0315519064124654
630,2009-03-30,-3.4818703654097893
631,2009-03-31,1.3129614663131228
632,2009-04-01,1.655660953977356
633,2009-04-02,2.8727113604116505
634,2009-04-03,0.973177097925304
635,2009-04-06,-0.8332367396142404
636,2009-04-07,-2.385454246862917
637,2009-04-08,1.1783441230339475
638,2009-04-09,3.8053256866547702
639,2009-04-13,0.2533369426941823
640,2009-04-14,-2.006449158715151
641,2009-04-15,1.2549016706588034
642,2009-04-16,1.5538800404093056
643,2009-04-17,0.4969360746134077
644,2009-04-20,-4.278974468970964
645,2009-04-21,2.1252059887909347
646,2009-04-22,-0.7681664273476052
647,2009-04-23,0.9922346320087705
648,2009-04-24,1.6797349335216705
649,2009-04-27,-1.00665768903615
650,2009-04-28,-0.27405354973477625
651,2009-04-29,2.1610040324914648
652,2009-04-30,-0.09500676204463598
653,2009-05-01,0.5396388659423046
654,2009-05-04,3.386813980494785
655,2009-05-05,-0.37917226736418064
656,2009-05-06,1.740433914180306
657,2009-05-07,-1.3202412386380091
658,2009-05-08,2.4068995104353563
659,2009-05-11,-2.151242496964101
660,2009-05-12,-0.09788555914792552
661,2009-05-13,-2.689491201893024
662,2009-05-14,1.0351643351174777
663,2009-05-15,-1.141008247711417
664,2009-05-18,3.0389200051489373
665,2009-05-19,-0.17368359715522752
666,2009-05-20,-0.5131461524926495
667,2009-05-21,-1.6757561517510733
668,2009-05-22,-0.149721056843366
669,2009-05-26,2.630216131887675
670,2009-05-27,-1.8971163431981575
671,2009-05-28,1.5418918738823617
672,2009-05-29,1.3574757481119137
673,2009-06-01,2.5817590454732198
674,2009-06-02,0.19833011198484574
675,2009-06-03,-1.3739209309357014
676,2009-06-04,1.148365683747543
677,2009-06-05,-0.2514690344346815
678,2009-06-08,-0.1010554499986549
679,2009-06-09,0.3503181608735195
680,2009-06-10,-0.34803309393901527
681,2009-06-11,0.6111899148334876
682,2009-06-12,0.13969957389272647
683,2009-06-15,-2.3768561680042266
684,2009-06-16,-1.2720305257724385
685,2009-06-17,-0.13815682214813885
686,2009-06-18,0.8410990281999098
687,2009-06-19,0.3114197291689047
688,2009-06-22,-3.0600396251826645
689,2009-06-23,0.23067249051313965
690,2009-06-24,0.6524440861084724
691,2009-06-25,2.1444277390130884
692,2009-06-26,-0.1477827284822375
693,2009-06-29,0.9065138571521025
694,2009-06-30,-0.8530756458643096
695,2009-07-01,0.4361930267673175
696,2009-07-02,-2.9144546025377416
697,2009-07-06,0.25657480163505664
698,2009-07-07,-1.9683485382449017
699,2009-07-08,-0.1668537608706111
700,2009-07-09,0.3547222617954038
701,2009-07-10,-0.40218287742166403
702,2009-07-13,2.4933721734452963
703,2009-07-14,0.5316063622877065
704,2009-07-15,2.962991811422233
705,2009-07-16,0.8641760970416357
706,2009-07-17,-0.038266189946156715
707,2009-07-20,1.143154888894049
708,2009-07-21,0.3627277227424175
709,2009-07-22,-0.05342765996504406
710,2009-07-23,2.3289664838582524
711,2009-07-24,0.3042161453180592
712,2009-07-27,0.29818259512661704
713,2009-07-28,-0.26064444171983725
714,2009-07-29,-0.4562963930304753
715,2009-07-30,1.189558047020256
716,2009-07-31,0.07397825880415265
717,2009-08-03,1.5342107904679603
718,2009-08-04,0.3012097699592653
719,2009-08-05,-0.2913591845875696
720,2009-08-06,-0.5624654717235167
721,2009-08-07,1.3439205629671047
722,2009-08-10,-0.33449498734695604
723,2009-08-11,-1.2660113503211945
724,2009-08-12,1.1525139291026054
725,2009-08-13,0.68800100684554
726,2009-08-14,-0.8531349698250423
727,2009-08-17,-2.426081898553223
728,2009-08-18,1.014565506778764
729,2009-08-19,0.6860912404894393
730,2009-08-20,1.0948731413161106
731,2009-08-21,1.8622760114512582
732,2009-08-24,-0.05457969176273503
733,2009-08-25,0.23694665778091206
734,2009-08-26,0.01167267676920325
735,2009-08-27,0.2781762211750971
736,2009-08-28,-0.19883283833314058
737,2009-08-31,-0.8076407685613796
738,2009-09-01,-2.2123823948061228
739,2009-09-02,-0.3296439120451411
740,2009-09-03,0.8534797923473336
741,2009-09-04,1.3117533499250822
742,2009-09-08,0.8844933115342624
743,2009-09-09,0.7782385584753415
744,2009-09-10,1.0422229774562641
745,2009-09-11,-0.135042634120508
746,2009-09-14,0.6339115087676817
747,2009-09-15,0.31353414238139976
748,2009-09-16,1.5323527552882465
749,2009-09-17,-0.3059638741504833
750,2009-09-18,0.26373392706691146
751,2009-09-21,-0.34072961546995906
752,2009-09-22,0.6574868761175523
753,2009-09-23,-1.0068528001755062
754,2009-09-24,-0.951102950102567
755,2009-09-25,-0.6090736629573268
756,2009-09-28,1.7809586069224448
757,2009-09-29,-0.22295764367475934
758,2009-09-30,-0.3328301020761093
759,2009-10-01,-2.5759622356647194
760,2009-10-02,-0.45055248419048066
761,2009-10-05,1.4875001786029074
762,2009-10-06,1.3705486324313787
763,2009-10-07,0.2711606332490124
764,2009-10-08,0.7469907470196047
765,2009-10-09,0.5640659492242017
766,2009-10-12,0.438636964853667
767,2009-10-13,-0.2787612004698681
768,2009-10-14,1.75458950913443
769,2009-10-15,0.4157468710554335
770,2009-10-16,-0.8098056110305896
771,2009-10-19,0.9405321384581278
772,2009-10-20,-0.6239104637617676
773,2009-10-21,-0.8853806079326398
774,2009-10-22,1.0643618925255227
775,2009-10-23,-1.2178549173757158
776,2009-10-26,-1.171732558366989
777,2009-10-27,-0.331779104380614
778,2009-10-28,-1.9540937765275768
779,2009-10-29,2.251995469034007
780,2009-10-30,-2.806468784310845
781,2009-11-02,0.6456406503505763
782,2009-11-03,0.24260023061419833
783,2009-11-04,0.10426203926459099
784,2009-11-05,1.923555172748448
785,2009-11-06,0.25032522365671106
786,2009-11-09,2.2238760067974983
787,2009-11-10,-0.006399009393143196
788,2009-11-11,0.5031975874749239
789,2009-11-12,-1.0259368991689555
790,2009-11-13,0.5739294259246241
791,2009-11-16,1.4467634197192325
792,2009-11-17,0.09194063067201608
793,2009-11-18,-0.046824112515952976
794,2009-11-19,-1.3425863902056911
795,2009-11-20,-0.321492323752004
796,2009-11-23,1.3615775701478094
797,2009-11-24,-0.05333072620051782
798,2009-11-25,0.4504120073066664
799,2009-11-27,-1.7233475202623416
800,2009-11-30,0.3792993692547375
801,2009-12-01,1.2075226499629332
802,2009-12-02,0.03426987066288412
803,2009-12-03,-0.8402100871871099
804,2009-12-04,0.5509433669106611
805,2009-12-07,-0.24683814508043023
806,2009-12-08,-1.0251582681849114
807,2009-12-09,0.36723720907769763
808,2009-12-10,0.5839705004064388
809,2009-12-11,0.3683094011583732
810,2009-12-14,0.6959401066516824
811,2009-12-15,-0.5546967284989268
812,2009-12-16,0.11282300681465518
813,2009-12-17,-1.1810614167124256
814,2009-12-18,0.5829880031232637
815,2009-12-21,1.0503758317892853
816,2009-12-22,0.35635478920368335
817,2009-12-23,0.22986585608189003
818,2009-12-24,0.5256172933982839
819,2009-12-28,0.11540807210652648
820,2009-12-29,-0.14010516979849896
821,2009-12-30,0.019542957110640913
822,2009-12-31,-1.004959776792158
823,2010-01-04,1.6043417666686821
824,2010-01-05,0.31156756258232665
825,2010-01-06,0.05455206301101523
826,2010-01-07,0.400120187417663
827,2010-01-08,0.28817272914287706
828,2010-01-11,0.17467554316374923
829,2010-01-12,-0.9381166148364262
830,2010-01-13,0.8325925658531075
831,2010-01-14,0.24264254383745687
832,2010-01-15,-1.0823130159869354
833,2010-01-19,1.2499626599363545
834,2010-01-20,-1.0597829662970737
835,2010-01-21,-1.8944903389788381
836,2010-01-22,-2.2140988764300484
837,2010-01-25,0.45980980127011684
838,2010-01-26,-0.42031995736809824
839,2010-01-27,0.48801522109449547
840,2010-01-28,-1.1817740959567224
841,2010-01-29,-0.9829173828039273
842,2010-02-01,1.4266108894671836
843,2010-02-02,1.297294837718499
844,2010-02-03,-0.547431142933863
845,2010-02-04,-3.1140677888039425
846,2010-02-05,0.2897118921960873
847,2010-02-08,-0.886329049344714
848,2010-02-09,1.3040132316577413
849,2010-02-10,-0.22325735201887964
850,2010-02-11,0.9680437561949251
851,2010-02-12,-0.2744592819371894
852,2010-02-16,1.8000748645548459
853,2010-02-17,0.42379594555796984
854,2010-02-18,0.6584742448973557
855,2010-02-19,0.21866220422972482
856,2010-02-22,-0.10458578339902491
857,2010-02-23,-1.210280959693144
858,2010-02-24,0.972045942422195
859,2010-02-25,-0.2081040179913507
860,2010-02-26,0.14053791778985136
861,2010-03-01,1.015850827289455
862,2010-03-02,0.23304422719907514
863,2010-03-03,0.04292016020615019
864,2010-03-04,0.37361180334851696
865,2010-03-05,1.4007480947064943
866,2010-03-08,-0.017559601339156572
867,2010-03-09,0.17127370855292146
868,2010-03-10,0.45245599549417204
869,2010-03-11,0.40415193146134953
870,2010-03-12,-0.021734594703937127
871,2010-03-15,0.0452194832708086
872,2010-03-16,0.7779116301385613
873,2010-03-17,0.5821675803744153
874,2010-03-18,-0.03258460273372066
875,2010-03-19,-0.5086446449439896
876,2010-03-22,0.5095296193887933
877,2010-03-23,0.7170966908320198
878,2010-03-24,-0.5493304207041971
879,2010-03-25,-0.1704167338318907
880,2010-03-26,0.0737722599547963
881,2010-03-29,0.5683234964352302
882,2010-03-30,0.004265937281555665
883,2010-03-31,-0.327287474868454
884,2010-04-01,0.7413801148249854
885,2010-04-05,0.7927990844467381
886,2010-04-06,0.16842957106795176
887,2010-04-07,-0.5876707172041695
888,2010-04-08,0.3374341747336196
889,2010-04-09,0.668390656297202
890,2010-04-12,0.17666094762833762
891,2010-04-13,0.06854008197059169
892,2010-04-14,1.1150066851666862
893,2010-04-15,0.08425387276917995
894,2010-04-16,-1.6126534744455467
895,2010-04-19,0.4521331252766547
896,2010-04-20,0.8058340784849571
897,2010-04-21,-0.10189969053921999
898,2010-04-22,0.22638793569429438
899,2010-04-23,0.7123520099379554
900,2010-04-26,-0.4296448099761374
901,2010-04-27,-2.338194525714987
902,2010-04-28,0.6462752419523099
903,2010-04-29,1.2943228020842135
904,2010-04-30,-1.6647680109796337
905,2010-05-03,1.3120586781854904
906,2010-05-04,-2.383846584506677
907,2010-05-05,-0.6586554728659322
908,2010-05-06,-3.2353496411350324
909,2010-05-07,-1.5308264998017185
910,2010-05-10,4.397412445198401
911,2010-05-11,-0.3397292018489928
912,2010-05-12,1.3739523915341278
913,2010-05-13,-1.2145144968583543
914,2010-05-14,-1.8800014512092122
915,2010-05-17,0.11093685155389998
916,2010-05-18,-1.4195906037184347
917,2010-05-19,-0.5130263873571406
918,2010-05-20,-3.8975903416611057
919,2010-05-21,1.5024380686144978
920,2010-05-24,-1.2908014000787449
921,2010-05-25,0.035393738571354305
922,2010-05-26,-0.5660994533812413
923,2010-05-27,3.2876173067238
924,2010-05-28,-1.237468831159061
925,2010-06-01,-1.716532127985071
926,2010-06-02,2.5842707133391096
927,2010-06-03,0.4051376711240895
928,2010-06-04,-3.4411425771964765
929,2010-06-07,-1.353207320412908
930,2010-06-08,1.0976067492112662
931,2010-06-09,-0.5941674758709992
932,2010-06-10,2.950679284920388
933,2010-06-11,0.4379678623643857
934,2010-06-14,-0.18046635646612463
935,2010-06-15,2.3494191121040897
936,2010-06-16,-0.05559347650669899
937,2010-06-17,0.12830081640498037
938,2010-06-18,0.13171307943036226
939,2010-06-21,-0.3856841152281021
940,2010-06-22,-1.6070691127224812
941,2010-06-23,-0.29854738442266493
942,2010-06-24,-1.680350261882635
943,2010-06-25,0.2859362131449217
944,2010-06-28,-0.20339383490284302
945,2010-06-29,-3.101701864061035
946,2010-06-30,-1.01129704925228
947,2010-07-01,-0.32404516759250157
948,2010-07-02,-0.46623690102973736
949,2010-07-06,0.535903441522545
950,2010-07-07,3.133081639370272
951,2010-07-08,0.941267817151159
952,2010-07-09,0.7203887818266752
953,2010-07-12,0.07329020475055348
954,2010-07-13,1.5378879091830777
955,2010-07-14,-0.01551316306374062
956,2010-07-15,0.11961033180916125
957,2010-07-16,-2.8819473359129044
958,2010-07-19,0.5981890060832162
959,2010-07-20,1.1416551196032687
960,2010-07-21,-1.2819816608358736
961,2010-07-22,2.2513373250030444
962,2010-07-23,0.8220020548377116
963,2010-07-26,1.1200166146517754
964,2010-07-27,-0.10493573466290318
965,2010-07-28,-0.6921964711350426
966,2010-07-29,-0.4158621107493432
967,2010-07-30,0.006349921218862242
968,2010-08-02,2.2022522061804883
969,2010-08-03,-0.4796355216742376
970,2010-08-04,0.6051112519185553
971,2010-08-05,-0.1268524584838171
972,2010-08-06,-0.3704038628435491
973,2010-08-09,0.5483064382283187
974,2010-08-10,-0.5967405488298549
975,2010-08-11,-2.8178764954173263
976,2010-08-12,-0.5378748849571791
977,2010-08-13,-0.4023574358396065
978,2010-08-16,0.012045854325926086
979,2010-08-17,1.2192216013040102
980,2010-08-18,0.14827787168125717
981,2010-08-19,-1.6935392189468268
982,2010-08-20,-0.36630286052607985
983,2010-08-23,-0.40403067038268237
984,2010-08-24,-1.4512432962598854
985,2010-08-25,0.3289342745359525
986,2010-08-26,-0.7684786454732473
987,2010-08-27,1.658676839931239
988,2010-08-30,-1.471920868888299
989,2010-08-31,0.0390794428747121
990,2010-09-01,2.950462133399623
991,2010-09-02,0.9080835857702363
992,2010-09-03,1.3219002387319545
993,2010-09-07,-1.1471189788493708
994,2010-09-08,0.6438699367075529
995,2010-09-09,0.48322900955937165
996,2010-09-10,0.4863332840635781
997,2010-09-13,1.1130616053760978
998,2010-09-14,-0.07131195389205036
999,2010-09-15,0.354113887216001
1000,2010-09-16,-0.036434366656679096
1001,2010-09-17,0.08268557718451586
1002,2010-09-20,1.5209797205957498
1003,2010-09-21,-0.2564020390809607
1004,2010-09-22,-0.4825492514895946
1005,2010-09-23,-0.8331340584428193
1006,2010-09-24,2.119439277225821
1007,2010-09-27,-0.5667432349210744
1008,2010-09-28,0.4850385958537151
1009,2010-09-29,-0.25877588476783675
1010,2010-09-30,-0.3083722237648967
1011,2010-10-01,0.4416438203773465
1012,2010-10-04,-0.8034932488803492
1013,2010-10-05,2.086134059079603
1014,2010-10-06,-0.06720045633211713
1015,2010-10-07,-0.16465185803191673
1016,2010-10-08,0.612227817348443
1017,2010-10-11,0.014583690635494584
1018,2010-10-12,0.3818756605307172
1019,2010-10-13,0.7121020299379444
1020,2010-10-14,-0.36413861990395313
1021,2010-10-15,0.2027485447987365
1022,2010-10-18,0.7243744595420987
1023,2010-10-19,-1.5877250249970554
1024,2010-10-20,1.052407519882892
1025,2010-10-21,0.17739084702186325
1026,2010-10-22,0.23892585241640507
1027,2010-10-25,0.2146971596890701
1028,2010-10-26,0.001688528477283846
1029,2010-10-27,-0.2690583513671685
1030,2010-10-28,0.11248494058304637
1031,2010-10-29,-0.04392872986367369
1032,2010-11-01,0.09465333975153811
1033,2010-11-02,0.7759284493458862
1034,2010-11-03,0.3678053944041082
1035,2010-11-04,1.928286287479275
1036,2010-11-05,0.392275298702649
1037,2010-11-08,-0.21209574072836856
1038,2010-11-09,-0.8052299681943542
1039,2010-11-10,0.4376080778473401
1040,2010-11-11,-0.4242126544221403
1041,2010-11-12,-1.1808492232419865
1042,2010-11-15,-0.12174356326716262
1043,2010-11-16,-1.6205413633636034
1044,2010-11-17,0.021216287934855416
1045,2010-11-18,1.5357313493959523
1046,2010-11-19,0.2540373205550228
1047,2010-11-22,-0.15753666901773267
1048,2010-11-23,-1.4284032792181156
1049,2010-11-24,1.4922967493543604
1050,2010-11-26,-0.7468562068020934
1051,2010-11-29,-0.1378858764733426
1052,2010-11-30,-0.6070216944686235
1053,2010-12-01,2.161695515261708
1054,2010-12-02,1.2818562518186694
1055,2010-12-03,0.26032365675492386
1056,2010-12-06,-0.1298238661417761
1057,2010-12-07,0.05150801927265025
1058,2010-12-08,0.3701760406026544
1059,2010-12-09,0.38427480627742927
1060,2010-12-10,0.6001641860553519
1061,2010-12-13,0.004832031784740565
1062,2010-12-14,0.091095635360805
1063,2010-12-15,-0.5122452280258649
1064,2010-12-16,0.6185094896691501
1065,2010-12-17,0.08368043854836138
1066,2010-12-20,0.25483530061645165
1067,2010-12-21,0.6030102155631267
1068,2010-12-22,0.3379555489306352
1069,2010-12-23,-0.16443283858672553
1070,2010-12-27,0.061269724713608475
1071,2010-12-28,0.07713239125555216
1072,2010-12-29,0.10091453555356455
1073,2010-12-30,-0.15082191889665975
1074,2010-12-31,-0.01907894500615681
1075,2011-01-03,1.1314828013585299
1076,2011-01-04,-0.13130618315739806
1077,2011-01-05,0.5007170261664085
1078,2011-01-06,-0.2122957701494954
1079,2011-01-07,-0.1844782063018524
1080,2011-01-10,-0.1376327172630698
1081,2011-01-11,0.37251273626697223
1082,2011-01-12,0.900758006769764
1083,2011-01-13,-0.1710746243041017
1084,2011-01-14,0.7384542591010179
1085,2011-01-18,0.137641065101346
1086,2011-01-19,-1.0115654884377157
1087,2011-01-20,-0.12949592195925508
1088,2011-01-21,0.24135455272700224
1089,2011-01-24,0.583628034196626
1090,2011-01-25,0.026346247376141108
1091,2011-01-26,0.42209071896761596
1092,2011-01-27,0.22443057531671418
1093,2011-01-28,-1.7852526697772375
1094,2011-01-31,0.7662558220206783
1095,2011-02-01,1.669359840810869
1096,2011-02-02,-0.272251746839014
1097,2011-02-03,0.23541990752451447
1098,2011-02-04,0.2884262567260709
1099,2011-02-07,0.6240171597036381
1100,2011-02-08,0.4184752099316791
1101,2011-02-09,-0.27857656113878804
1102,2011-02-10,0.07494929370688297
1103,2011-02-11,0.5507371620330659
1104,2011-02-14,0.2384924061824778
1105,2011-02-15,-0.3234911055292722
1106,2011-02-16,0.6257435156610036
1107,2011-02-17,0.3075691142146564
1108,2011-02-18,0.19247226272978146
1109,2011-02-22,-2.052856505826517
1110,2011-02-23,-0.6111960522950599
1111,2011-02-24,-0.09943772402082329
1112,2011-02-25,1.055051646463201
1113,2011-02-28,0.5561085699577806
1114,2011-03-01,-1.5739677754675885
1115,2011-03-02,0.16152009236127807
1116,2011-03-03,1.7219001487115193
1117,2011-03-04,-0.737803745029264
1118,2011-03-07,-0.8341232507744434
1119,2011-03-08,0.8922733898683255
1120,2011-03-09,-0.13617034323515353
1121,2011-03-10,-1.8870951812180237
1122,2011-03-11,0.7080513662183874
1123,2011-03-14,-0.6049325659529536
1124,2011-03-15,-1.120034817237281
1125,2011-03-16,-1.9494949042855536
1126,2011-03-17,1.3398228752857344
1127,2011-03-18,0.4310201897316901
1128,2011-03-21,1.4985846366661448
1129,2011-03-22,-0.3550567117658776
1130,2011-03-23,0.291397966743423
1131,2011-03-24,0.9340748456551973
1132,2011-03-25,0.3161136890789118
1133,2011-03-28,-0.2747836267090409
1134,2011-03-29,0.7060045042073693
1135,2011-03-30,0.6684706201916635
1136,2011-03-31,-0.18295015230987977
1137,2011-04-01,0.4962987972138233
1138,2011-04-04,0.03452097520288966
1139,2011-04-05,-0.01800552456384663
1140,2011-04-06,0.21836775166588218
1141,2011-04-07,-0.15200063176690204
1142,2011-04-08,-0.40044437471085104
1143,2011-04-11,-0.27933795260068894
1144,2011-04-12,-0.7776699229565143
1145,2011-04-13,0.019023558280406583
1146,2011-04-14,0.008367659155239515
1147,2011-04-15,0.39254131569084194
1148,2011-04-18,-1.1017851653977395
1149,2011-04-19,0.573117089721964
1150,2011-04-20,1.3514947433656221
1151,2011-04-21,0.527678193011405
1152,2011-04-25,-0.15926699031209024
1153,2011-04-26,0.8979584523029382
1154,2011-04-27,0.6249847099511818
1155,2011-04-28,0.35554240499382495
1156,2011-04-29,0.23006622131507282
1157,2011-05-02,-0.175271131343413
1158,2011-05-03,-0.33793036283190636
1159,2011-05-04,-0.6855308680100647
1160,2011-05-05,-0.9069835815006422
1161,2011-05-06,0.38199203649145197
1162,2011-05-09,0.4544163641626575
1163,2011-05-10,0.8074036650198346
1164,2011-05-11,-1.1111495877577093
1165,2011-05-12,0.48954373617866587
1166,2011-05-13,-0.8067330060324229
1167,2011-05-16,-0.6204391417766519
1168,2011-05-17,-0.03685605881837972
1169,2011-05-18,0.880379946585852
1170,2011-05-19,0.21779408643529674
1171,2011-05-20,-0.7688267521873571
1172,2011-05-23,-1.192558460112425
1173,2011-05-24,-0.08273801774386635
1174,2011-05-25,0.3183168712578732
1175,2011-05-26,0.39531157988739185
1176,2011-05-27,0.4080919686204165
1177,2011-05-31,1.0592724697279676
1178,2011-06-01,-2.278464425831217
1179,2011-06-02,-0.12248353901096465
1180,2011-06-03,-0.9733809463420173
1181,2011-06-06,-1.0760206333523925
1182,2011-06-07,-0.09564073932939454
1183,2011-06-08,-0.4186874918536865
1184,2011-06-09,0.7377489898070522
1185,2011-06-10,-1.3979844477308045
1186,2011-06-13,0.06687560771996282
1187,2011-06-14,1.2611779574887017
1188,2011-06-15,-1.743184580508239
1189,2011-06-16,0.17543350239683786
1190,2011-06-17,0.3045016966140013
1191,2011-06-20,0.5395190996116739
1192,2011-06-21,1.3423475684721353
1193,2011-06-22,-0.6468448774604507
1194,2011-06-23,-0.2827986549257977
1195,2011-06-24,-1.1725787945559007
1196,2011-06-27,0.9184457300265958
1197,2011-06-28,1.2944354874931063
1198,2011-06-29,0.8282747245164312
1199,2011-06-30,1.011922818616795
1200,2011-07-01,1.4409702179091433
1201,2011-07-05,-0.1336179061844467
1202,2011-07-06,0.10015590452223666
1203,2011-07-07,1.0453846497412655
1204,2011-07-08,-0.6961116506509657
1205,2011-07-11,-1.8090532601892528
1206,2011-07-12,-0.4433512667192274
1207,2011-07-13,0.3105840267646931
1208,2011-07-14,-0.6716127692301121
1209,2011-07-15,0.5554424471774233
1210,2011-07-18,-0.8129889770918997
1211,2011-07-19,1.630870818887753
1212,2011-07-20,-0.06708332980633891
1213,2011-07-21,1.3546192203295337
1214,2011-07-22,0.09078513609139804
1215,2011-07-25,-0.5643013271250497
1216,2011-07-26,-0.4104971538103408
1217,2011-07-27,-2.0308668519432915
1218,2011-07-28,-0.32339665839667964
1219,2011-07-29,-0.6450532698506817
1220,2011-08-01,-0.41322993233366967
1221,2011-08-02,-2.5556664705103427
1222,2011-08-03,0.5015682586245518
1223,2011-08-04,-4.782044620161063
1224,2011-08-05,-0.05749176607442452
1225,2011-08-08,-6.663446415643826
1226,2011-08-09,4.74068481332115
1227,2011-08-10,-4.415240397919251
1228,2011-08-11,4.629002144148742
1229,2011-08-12,0.526166928318772
1230,2011-08-15,2.1784622088531824
1231,2011-08-16,-0.9738545412459221
1232,2011-08-17,0.09473866272851073
1233,2011-08-18,-4.45937143129993
1234,2011-08-19,-1.5008981502439234
1235,2011-08-22,0.025804116011829414
1236,2011-08-23,3.4284877594586316
1237,2011-08-24,1.3119972745138542
1238,2011-08-25,-1.556552007023193
1239,2011-08-26,1.5121610152536658
1240,2011-08-29,2.8280001568408375
1241,2011-08-30,0.2347024984931334
1242,2011-08-31,0.4921982065451136
1243,2011-09-01,-1.187143263889856
1244,2011-09-02,-2.5281938303220453
1245,2011-09-06,-0.7436289416773878
1246,2011-09-07,2.8646463529026667
1247,2011-09-08,-1.0612179635699603
1248,2011-09-09,-2.6705492278710663
1249,2011-09-12,0.6965716710316983
1250,2011-09-13,0.912006281484623
1251,2011-09-14,1.3479804803234297
1252,2011-09-15,1.7187073659429952
1253,2011-09-16,0.5706697072769717
1254,2011-09-19,-0.98025870260805
1255,2011-09-20,-0.16610054537223862
1256,2011-09-21,-2.939044252863232
1257,2011-09-22,-3.1883121516435575
1258,2011-09-23,0.6082009597382809
1259,2011-09-26,2.3336145831710953
1260,2011-09-27,1.0688382331855317
1261,2011-09-28,-2.069113494191799
1262,2011-09-29,0.8114229792425487
1263,2011-09-30,-2.4974129488995245
1264,2011-10-03,-2.84510281118181
1265,2011-10-04,2.248844294856611
1266,2011-10-05,1.7865633700204997
1267,2011-10-06,1.8303664125949304
1268,2011-10-07,-0.8163308930517088
1269,2011-10-10,3.4124984892549115
1270,2011-10-11,0.054400355354355945
1271,2011-10-12,0.9794704112697561
1272,2011-10-13,-0.2973672247100878
1273,2011-10-14,1.738025794738407
1274,2011-10-17,-1.9369883187983272
1275,2011-10-18,2.0418716445174567
1276,2011-10-19,-1.264913736003248
1277,2011-10-20,0.45541787147385104
1278,2011-10-21,1.880876515031682
1279,2011-10-24,1.2872958939026846
1280,2011-10-25,-2.004472508361621
1281,2011-10-26,1.0536553156824224
1282,2011-10-27,3.4291437858544604
1283,2011-10-28,0.03892292585989665
1284,2011-10-31,-2.473750308360323
1285,2011-11-01,-2.7942247001422227
1286,2011-11-02,1.6104667765514558
1287,2011-11-03,1.8781807530058758
1288,2011-11-04,-0.6280017279460592
1289,2011-11-07,0.6295743615618132
1290,2011-11-08,1.1735638864999398
1291,2011-11-09,-3.6695142913972245
1292,2011-11-10,0.8624176874533207
1293,2011-11-11,1.9480539941325148
1294,2011-11-14,-0.9550141648312915
1295,2011-11-15,0.4817163683512371
1296,2011-11-16,-1.6616200730203312
1297,2011-11-17,-1.6799952076269054
1298,2011-11-18,-0.039467858438069214
1299,2011-11-21,-1.8648495446902502
1300,2011-11-22,-0.4140841830647446
1301,2011-11-23,-2.209521492281885
1302,2011-11-25,-0.2685506857766806
1303,2011-11-28,2.9240425313361795
1304,2011-11-29,0.2213653490450218
1305,2011-11-30,4.33153072475978
1306,2011-12-01,-0.19086457924624156
1307,2011-12-02,-0.024098633145541726
1308,2011-12-05,1.0287014543699957
1309,2011-12-06,0.11057487964409862
1310,2011-12-07,0.2018354924337773
1311,2011-12-08,-2.114181011508598
1312,2011-12-09,1.688335256005491
1313,2011-12-12,-1.4914054108935981
1314,2011-12-13,-0.868600976072853
1315,2011-12-14,-1.134836742295231
1316,2011-12-15,0.3243100365670992
1317,2011-12-16,0.32161498496299235
1318,2011-12-19,-1.1732825699560245
1319,2011-12-20,2.9825423296426123
1320,2011-12-21,0.19495059855065833
1321,2011-12-22,0.8265549753183832
1322,2011-12-23,0.9035052675189448
1323,2011-12-27,0.0079107947907886
1324,2011-12-28,-1.24780022540123
1325,2011-12-29,1.070708742195392
1326,2011-12-30,-0.42913365279230176
1327,2012-01-03,1.5473984880403524
1328,2012-01-04,0.018792399994027598
1329,2012-01-05,0.2943716919978634
1330,2012-01-06,-0.2536961462655807
1331,2012-01-09,0.22615979258335805
1332,2012-01-10,0.8885769748331329
1333,2012-01-11,0.030959725997448118
1334,2012-01-12,0.2336608362904613
1335,2012-01-13,-0.49479229484272746
1336,2012-01-17,0.3552954600872571
1337,2012-01-18,1.1107929092462498
1338,2012-01-19,0.4938656879440728
1339,2012-01-20,0.06694597815233294
1340,2012-01-23,0.047134296924533636
1341,2012-01-24,-0.102581731454221
1342,2012-01-25,0.8679141952454561
1343,2012-01-26,-0.5753890884025226
1344,2012-01-27,-0.15928775670267514
1345,2012-01-30,-0.2522123175721869
1346,2012-01-31,-0.04569466961219515
1347,2012-02-01,0.8899605562620927
1348,2012-02-02,0.10951470667548424
1349,2012-02-03,1.4605356896842503
1350,2012-02-06,-0.04238741534883239
1351,2012-02-07,0.202338180532724
1352,2012-02-08,0.21602108339675574
1353,2012-02-09,0.14741105602813498
1354,2012-02-10,-0.6886302644093845
1355,2012-02-13,0.6800039312997219
1356,2012-02-14,-0.09395233752043097
1357,2012-02-15,-0.5383205872824925
1358,2012-02-16,1.102570580548079
1359,2012-02-17,0.23489303072772305
1360,2012-02-21,0.0719922777789872
1361,2012-02-22,-0.33401068031253534
1362,2012-02-23,0.42720022772981814
1363,2012-02-24,0.16722378083675604
1364,2012-02-27,0.13545591394890089
1365,2012-02-28,0.33563334079245166
1366,2012-02-29,-0.47369876733168725
1367,2012-03-01,0.6158039788692005
1368,2012-03-02,-0.3245756135652589
1369,2012-03-05,-0.3869693865664492
1370,2012-03-06,-1.5370160722531612
1371,2012-03-07,0.6900622046460692
1372,2012-03-08,0.9817931917032618
1373,2012-03-09,0.36312500921620305
1374,2012-03-12,0.016046065922270536
1375,2012-03-13,1.8131549330308916
1376,2012-03-14,-0.11962619960680376
1377,2012-03-15,0.5967198922915307
1378,2012-03-16,0.11193985360786751
1379,2012-03-19,0.39738463861609397
1380,2012-03-20,-0.3000518154814724
1381,2012-03-21,-0.18711970276237277
1382,2012-03-22,-0.72065416718331
1383,2012-03-23,0.3108858515779689
1384,2012-03-26,1.3885824750712539
1385,2012-03-27,-0.2816775177631903
1386,2012-03-28,-0.494150905632218
1387,2012-03-29,-0.1607929836799582
1388,2012-03-30,0.3698436019823115
1389,2012-04-02,0.7504645877610239
1390,2012-04-03,-0.3988635996082901
1391,2012-04-04,-1.0202524371008104
1392,2012-04-05,-0.06290422223540482
1393,2012-04-09,-1.1358438273891824
1394,2012-04-10,-1.7081454337735447
1395,2012-04-11,0.7448895819775148
1396,2012-04-12,1.3779387810288313
1397,2012-04-13,-1.247500104029453
1398,2012-04-16,-0.050360039090724396
1399,2012-04-17,1.5486673802446171
1400,2012-04-18,-0.4055288780130728
1401,2012-04-19,-0.5934396967956612
1402,2012-04-20,0.11692656800530443
1403,2012-04-23,-0.8407570124922548
1404,2012-04-24,0.3679773444691614
1405,2012-04-25,1.3644592157896263
1406,2012-04-26,0.6680165568110796
1407,2012-04-27,0.2414323726029899
1408,2012-04-30,-0.38835019016946193
1409,2012-05-01,0.5658384242170911
1410,2012-05-02,-0.2496683664631072
1411,2012-05-03,-0.7658871330822326
1412,2012-05-04,-1.6147208958519288
1413,2012-05-07,0.03505810220649774
1414,2012-05-08,-0.42786734178289487
1415,2012-05-09,-0.6702266480503982
1416,2012-05-10,0.2517410777005402
1417,2012-05-11,-0.33873413051768164
1418,2012-05-14,-1.111286391927968
1419,2012-05-15,-0.5745837446504476
1420,2012-05-16,-0.4403818556987793
1421,2012-05-17,-1.5051375861739213
1422,2012-05-18,-0.7387777046316768
1423,2012-05-21,1.6035901237667627
1424,2012-05-22,0.04863370186602989
1425,2012-05-23,0.16937032123527374
1426,2012-05-24,0.1380031526917458
1427,2012-05-25,-0.2165632329979128
1428,2012-05-29,1.1078977592776207
1429,2012-05-30,-1.4334892170861036
1430,2012-05-31,-0.22766655169013106
1431,2012-06-01,-2.464258474972991
1432,2012-06-04,0.010955419561042845
1433,2012-06-05,0.5726850663809513
1434,2012-06-06,2.3049400920118535
1435,2012-06-07,-0.010646449242102118
1436,2012-06-08,0.8114163624478143
1437,2012-06-11,-1.2620113782869202
1438,2012-06-12,1.1650737147309576
1439,2012-06-13,-0.7023250955987548
1440,2012-06-14,1.0814652782245693
1441,2012-06-15,1.033781542905965
1442,2012-06-18,0.14447466011910937
1443,2012-06-19,0.9815695418065262
1444,2012-06-20,-0.16863570122068738
1445,2012-06-21,-2.2261677039013494
1446,2012-06-22,0.7174604262178752
1447,2012-06-25,-1.5954853497705423
1448,2012-06-26,0.4772721486371312
1449,2012-06-27,0.8984905521485453
1450,2012-06-28,-0.21097995832460859
1451,2012-06-29,2.492023877666627
1452,2012-07-02,0.24593113157624913
1453,2012-07-03,0.6232110863167994
1454,2012-07-05,-0.46870230309741245
1455,2012-07-06,-0.943264946713962
1456,2012-07-09,-0.16388318166757898
1457,2012-07-10,-0.8125926498228409
1458,2012-07-11,-0.0014923577632885987
1459,2012-07-12,-0.4987097282612596
1460,2012-07-13,1.6497362349892741
1461,2012-07-16,-0.23143137285598359
1462,2012-07-17,0.7409672577889825
1463,2012-07-18,0.6680490923747229
1464,2012-07-19,0.2717099891568653
1465,2012-07-20,-1.0061659913606968
1466,2012-07-23,-0.890905606969361
1467,2012-07-24,-0.9040932945028057
1468,2012-07-25,-0.0313861457302278
1469,2012-07-26,1.6540974699349675
1470,2012-07-27,1.9080565579335351
1471,2012-07-30,-0.04833595887074882
1472,2012-07-31,-0.43168283608459035
1473,2012-08-01,-0.2899979813067777
1474,2012-08-02,-0.7503669467536
1475,2012-08-03,1.904028588598905
1476,2012-08-06,0.23292692665812798
1477,2012-08-07,0.5106758007594747
1478,2012-08-08,0.06208264404641284
1479,2012-08-09,0.04136855394443195
1480,2012-08-10,0.21884418179392018
1481,2012-08-13,-0.12519007957618733
1482,2012-08-14,-0.012814640056846294
1483,2012-08-15,0.11396405267545262
1484,2012-08-16,0.7100510313353237
1485,2012-08-17,0.18721339981915275
1486,2012-08-20,-0.002117482946295546
1487,2012-08-21,-0.3497536135912971
1488,2012-08-22,0.02264032488046297
1489,2012-08-23,-0.8072242646582573
1490,2012-08-24,0.6454730908207917
1491,2012-08-27,-0.048901481378382794
1492,2012-08-28,-0.08081822874276279
1493,2012-08-29,0.08443492265819419
1494,2012-08-30,-0.780580496271055
1495,2012-08-31,0.5073295570515723
1496,2012-09-04,-0.11659590635981765
1497,2012-09-05,-0.10676612969652277
1498,2012-09-06,2.0435540463669577
1499,2012-09-07,0.40499740579702515
1500,2012-09-10,-0.6147829935223559
1501,2012-09-11,0.31349558295050706
1502,2012-09-12,0.2092692232889659
1503,2012-09-13,1.630974737217783
1504,2012-09-14,0.3958951318527193
1505,2012-09-17,-0.3124690820504483
1506,2012-09-18,-0.12797755200721905
1507,2012-09-19,0.11855539585148289
1508,2012-09-20,-0.054073374360696924
1509,2012-09-21,-0.0075319019097297435
1510,2012-09-24,-0.22326539815202828
1511,2012-09-25,-1.05018557847808
1512,2012-09-26,-0.573673494358995
1513,2012-09-27,0.9648981834660786
1514,2012-09-28,-0.4477753072888002
1515,2012-10-01,0.2651506710448004
1516,2012-10-02,0.08722869484341089
1517,2012-10-03,0.36244096381636837
1518,2012-10-04,0.7174435557619541
1519,2012-10-05,-0.032158936312698394
1520,2012-10-08,-0.34567355331607263
1521,2012-10-09,-0.989094181235195
1522,2012-10-10,-0.6188030354815854
1523,2012-10-11,0.019538952303133073
1524,2012-10-12,-0.29661372528556607
1525,2012-10-15,0.8077922524027725
1526,2012-10-16,1.026993327849146
1527,2012-10-17,0.41170580193066186
1528,2012-10-18,-0.24437290975140025
1529,2012-10-19,-1.6571304555192734
1530,2012-10-22,0.04395822665308469
1531,2012-10-23,-1.444390628760639
1532,2012-10-24,-0.30853828766044256
1533,2012-10-25,0.2995542646406335
1534,2012-10-26,-0.07289817322603254
1535,2012-10-31,0.015587969925845435
1536,2012-11-01,1.0926475234507071
1537,2012-11-02,-0.9379454163327194
1538,2012-11-05,0.2163809008205897
1539,2012-11-06,0.7853184882181896
1540,2012-11-07,-2.3705000038029778
1541,2012-11-08,-1.220484261628385
1542,2012-11-09,0.1698692425988746
1543,2012-11-12,0.013048788935265954
1544,2012-11-13,-0.39854205221913075
1545,2012-11-14,-1.3852035718884714
1546,2012-11-15,-0.15935449138314572
1547,2012-11-16,0.48399496359483596
1548,2012-11-19,1.9862053761098286
1549,2012-11-20,0.06633863793055195
1550,2012-11-21,0.23201811250652682
1551,2012-11-23,1.302631484263972
1552,2012-11-26,-0.20295818770267315
1553,2012-11-27,-0.5226587298556074
1554,2012-11-28,0.7856028682432292
1555,2012-11-29,0.4269642628790704
1556,2012-11-30,0.016250753698754394
1557,2012-12-03,-0.4745224843287543
1558,2012-12-04,-0.17098123935156417
1559,2012-12-05,0.15848622233496368
1560,2012-12-06,0.33065906083264984
1561,2012-12-07,0.29209195962771606
1562,2012-12-10,0.03385605486661003
1563,2012-12-11,0.6548882078472928
1564,2012-12-12,0.04482397633895907
1565,2012-12-13,-0.6321425165448868
1566,2012-12-14,-0.4135401260425775
1567,2012-12-17,1.187059085338782
1568,2012-12-18,1.1486656421599406
1569,2012-12-19,-0.7589201039747917
1570,2012-12-20,0.548810949285139
1571,2012-12-21,-0.9378687628036508
1572,2012-12-24,-0.2440296594621194
1573,2012-12-26,-0.478746019469678
1574,2012-12-27,-0.1218442012279497
1575,2012-12-28,-1.1049941573072375
1576,2012-12-31,1.6941941334216226
1577,2013-01-02,2.5403420320955883
1578,2013-01-03,-0.20856174946130013
1579,2013-01-04,0.48650963153229476
1580,2013-01-07,-0.31231161538831653
1581,2013-01-08,-0.3242371304872038
1582,2013-01-09,0.2655865938542279
1583,2013-01-10,0.7597415119266371
1584,2013-01-11,-0.004751398615232549
1585,2013-01-14,-0.09306715612543703
1586,2013-01-15,0.11286697641588184
1587,2013-01-16,0.019699191031485874
1588,2013-01-17,0.5642922184040833
1589,2013-01-18,0.3403270397119629
1590,2013-01-22,0.4428106846314561
1591,2013-01-23,0.1507477027169024
1592,2013-01-24,0.0006614683421224399
1593,2013-01-25,0.5445481690718124
1594,2013-01-28,-0.18496216125600817
1595,2013-01-29,0.5105995170664235
1596,2013-01-30,-0.38996213232838084
1597,2013-01-31,-0.25633010773032927
1598,2013-02-01,1.0052705569688847
1599,2013-02-04,-1.1538744820964397
1600,2013-02-05,1.0416510240551347
1601,2013-02-06,0.054917059812176205
1602,2013-02-07,-0.18053993582290984
1603,2013-02-08,0.5657940611518475
1604,2013-02-11,-0.0606117484177382
1605,2013-02-12,0.1595272232703504
1606,2013-02-13,0.059226309335680405
1607,2013-02-14,0.06906716689645265
1608,2013-02-15,-0.10450813177572682
1609,2013-02-19,0.7336475471722448
1610,2013-02-20,-1.24041379552301
1611,2013-02-21,-0.6303057332801343
1612,2013-02-22,0.8772467921830174
1613,2013-02-25,-1.8309580659152336
1614,2013-02-26,0.6109463971145868
1615,2013-02-27,1.2725994077109837
1616,2013-02-28,-0.08640799292052304
1617,2013-03-01,0.23238554256483912
1618,2013-03-04,0.461072337316093
1619,2013-03-05,0.956601649469957
1620,2013-03-06,0.1084512714484509
1621,2013-03-07,0.18164914425815581
1622,2013-03-08,0.4481139122655131
1623,2013-03-11,0.32490857396794137
1624,2013-03-12,-0.24032529493148713
1625,2013-03-13,0.131405176760091
1626,2013-03-14,0.5602990523162488
1627,2013-03-15,-0.16184626244926115
1628,2013-03-18,-0.5510332450180511
1629,2013-03-19,-0.24225306518709244
1630,2013-03-20,0.6697492376419811
1631,2013-03-21,-0.8282433828555424
1632,2013-03-22,0.7174256352702191
1633,2013-03-25,-0.33400389194234714
1634,2013-03-26,0.7785110802517758
1635,2013-03-27,-0.05883499068413123
1636,2013-03-28,0.405666949441863
1637,2013-04-01,-0.44735804606589324
1638,2013-04-02,0.5172264111710456
1639,2013-04-03,-1.0546128701639845
1640,2013-04-04,0.40484519432537613
1641,2013-04-05,-0.429489561132812
1642,2013-04-08,0.6302737952936344
1643,2013-04-09,0.35443321494683655
1644,2013-04-10,1.218913260513399
1645,2013-04-11,0.35522505198095633
1646,2013-04-12,-0.2836767069231527
1647,2013-04-15,-2.2966290584432447
1648,2013-04-16,1.4307223290395576
1649,2013-04-17,-1.4327681394279534
1650,2013-04-18,-0.6701003439812281
1651,2013-04-19,0.8847902373522176
1652,2013-04-22,0.4661629963028435
1653,2013-04-23,1.041921875000007
1654,2013-04-24,0.0006340190171760796
1655,2013-04-25,0.40347322693841114
1656,2013-04-26,-0.18421130247733286
1657,2013-04-29,0.7186011722218666
1658,2013-04-30,0.2484899676771457
1659,2013-05-01,-0.9307883608932754
1660,2013-05-02,0.9407983261396247
1661,2013-05-03,1.0534666895180678
1662,2013-05-06,0.19077786269059427
1663,2013-05-07,0.5230269513137653
1664,2013-05-08,0.4139081299929126
1665,2013-05-09,-0.3687103906423572
1666,2013-05-10,0.4321655306021466
1667,2013-05-13,0.0042889368592202715
1668,2013-05-14,1.0142153479971716
1669,2013-05-15,0.5114136269715353
1670,2013-05-16,-0.5009741163373271
1671,2013-05-17,1.0300096519028301
1672,2013-05-20,-0.0707617924973758
1673,2013-05-21,0.1722386289245481
1674,2013-05-22,-0.8273657594813577
1675,2013-05-23,-0.2923832356719225
1676,2013-05-24,-0.05513654411685165
1677,2013-05-28,0.6340981548631053
1678,2013-05-29,-0.7047981897774669
1679,2013-05-30,0.367034439193481
1680,2013-05-31,-1.4307241527974024
1681,2013-06-03,0.5935988427895333
1682,2013-06-04,-0.5510807488524838
1683,2013-06-05,-1.3779732742503992
1684,2013-06-06,0.8490293972530871
1685,2013-06-07,1.2831541229424204
1686,2013-06-10,-0.034681344994402785
1687,2013-06-11,-1.0153367167240024
1688,2013-06-12,-0.8369555515669425
1689,2013-06-13,1.4784291377196501
1690,2013-06-14,-0.5885016114436148
1691,2013-06-17,0.7567364431436019
1692,2013-06-18,0.7791157767295331
1693,2013-06-19,-1.3851474486292426
1694,2013-06-20,-2.501035094286319
1695,2013-06-21,0.2669776576555538
1696,2013-06-24,-1.2145015629135836
1697,2013-06-25,0.9497272121224087
1698,2013-06-26,0.9590486444071455
1699,2013-06-27,0.6199831185025984
1700,2013-06-28,-0.42895624128758136
1701,2013-07-01,0.5403747467634501
1702,2013-07-02,-0.05449081736377259
1703,2013-07-03,0.08240472350893313
1704,2013-07-05,1.0201732142340214
1705,2013-07-08,0.5251546496476855
1706,2013-07-09,0.7229670722828763
1707,2013-07-10,0.018159245054127915
1708,2013-07-11,1.3554249906357896
1709,2013-07-12,0.3086483632862347
1710,2013-07-15,0.1374879432867404
1711,2013-07-16,-0.3708760911961373
1712,2013-07-17,0.27740472164057284
1713,2013-07-18,0.5032964742594626
1714,2013-07-19,0.16100503211176065
1715,2013-07-22,0.20330263437824403
1716,2013-07-23,-0.18519369130487462
1717,2013-07-24,-0.38112215188927934
1718,2013-07-25,0.25564722015867236
1719,2013-07-26,0.08282942843145236
1720,2013-07-29,-0.3736037754951127
1721,2013-07-30,0.037381693747806644
1722,2013-07-31,-0.013640921141577778
1723,2013-08-01,1.254056989753427
1724,2013-08-02,0.16404581697111453
1725,2013-08-05,-0.14798348405500317
1726,2013-08-06,-0.5723033522392118
1727,2013-08-07,-0.3805864929911196
1728,2013-08-08,0.3885449938943575
1729,2013-08-09,-0.3569960525698801
1730,2013-08-12,-0.11529207361400395
1731,2013-08-13,0.2776056134700333
1732,2013-08-14,-0.5176618120080079
1733,2013-08-15,-1.4281601380197961
1734,2013-08-16,-0.33045953891290836
1735,2013-08-19,-0.5900302398330837
1736,2013-08-20,0.38211953199089876
1737,2013-08-21,-0.5779602928505545
1738,2013-08-22,0.8619376484360286
1739,2013-08-23,0.39470109216155347
1740,2013-08-26,-0.40396577716411697
1741,2013-08-27,-1.5874194741040237
1742,2013-08-28,0.2747645185721348
1743,2013-08-29,0.19634016027962886
1744,2013-08-30,-0.31743183568806455
1745,2013-09-03,0.41642216024322387
1746,2013-09-04,0.8116953209842404
1747,2013-09-05,0.12098628337211537
1748,2013-09-06,0.005443114110303959
1749,2013-09-09,0.9992880823750605
1750,2013-09-10,0.7345789391592916
1751,2013-09-11,0.30522833735622257
1752,2013-09-12,-0.3380415314981122
1753,2013-09-13,0.2714679741101511
1754,2013-09-16,0.5693153044247667
1755,2013-09-17,0.4217739327674108
1756,2013-09-18,1.2177672896303449
1757,2013-09-19,-0.18429538196846895
1758,2013-09-20,-0.7216886263627376
1759,2013-09-23,-0.4719586526811925
1760,2013-09-24,-0.2597143070893537
1761,2013-09-25,-0.273946595048713
1762,2013-09-26,0.34854258676535466
1763,2013-09-27,-0.40738011304656263
1764,2013-09-30,-0.6029230779887707
1765,2013-10-01,0.7998543475556064
1766,2013-10-02,-0.06666695473820372
1767,2013-10-03,-0.8979414583967338
1768,2013-10-04,0.7053224345153541
1769,2013-10-07,-0.8506361953748875
1770,2013-10-08,-1.2332078852067663
1771,2013-10-09,0.05739063518743759
1772,2013-10-10,2.183049604365883
1773,2013-10-11,0.6286271807078414
1774,2013-10-14,0.4074720335558668
1775,2013-10-15,-0.7063723409320266
1776,2013-10-16,1.3827532394934838
1777,2013-10-17,0.6743953139704439
1778,2013-10-18,0.6548755402622897
1779,2013-10-21,0.009173641713244862
1780,2013-10-22,0.5737513079636436
1781,2013-10-23,-0.47245572414630344
1782,2013-10-24,0.3258134764679621
1783,2013-10-25,0.43948435155207743
1784,2013-10-28,0.1329699787098182
1785,2013-10-29,0.558419502875096
1786,2013-10-30,-0.4875923596155185
1787,2013-10-31,-0.38393812241105385
1788,2013-11-01,0.2903421198789946
1789,2013-11-04,0.3570558689741876
1790,2013-11-05,-0.28055878101066467
1791,2013-11-06,0.4265540341705787
1792,2013-11-07,-1.3182771972194418
1793,2013-11-08,1.3427559516743681
1794,2013-11-11,0.0722931253898329
1795,2013-11-12,-0.23703916199453445
1796,2013-11-13,0.8095344244797742
1797,2013-11-14,0.483725876385388
1798,2013-11-15,0.4222034052096646
1799,2013-11-18,-0.369819718572606
1800,2013-11-19,-0.20429655768170463
1801,2013-11-20,-0.36356111002209257
1802,2013-11-21,0.8128564255848181
1803,2013-11-22,0.49614579730026254
1804,2013-11-25,-0.12633420978621634
1805,2013-11-26,0.014980445507073448
1806,2013-11-27,0.24850813860768373
1807,2013-11-29,-0.07856896412440362
1808,2013-12-02,-0.2719020284730922
1809,2013-12-03,-0.3192847977150137
1810,2013-12-04,-0.13034931835718133
1811,2013-12-05,-0.4339572538419101
1812,2013-12-06,1.1237870620775636
1813,2013-12-09,0.18171001772671058
1814,2013-12-10,-0.3179659038540561
1815,2013-12-11,-1.131687458772268
1816,2013-12-12,-0.37705618911193506
1817,2013-12-13,-0.010141014414954963
1818,2013-12-16,0.6320039831068547
1819,2013-12-17,-0.3100987910356179
1820,2013-12-18,1.664796429762072
1821,2013-12-19,-0.057992920441085616
1822,2013-12-20,0.48187283492318045
1823,2013-12-23,0.531812014989308
1824,2013-12-24,0.29157468493599126
1825,2013-12-26,0.4745529147706984
1826,2013-12-27,-0.033658435338035364
1827,2013-12-30,-0.017925389411521664
1828,2013-12-31,0.3959675229718407
1829,2014-01-02,-0.8861912729460575
1830,2014-01-03,-0.033296507498215
1831,2014-01-06,-0.25117674736410134
1832,2014-01-07,0.6081764662643874
1833,2014-01-08,-0.02122089839386998
1834,2014-01-09,0.03483091890779111
1835,2014-01-10,0.2306686808393188
1836,2014-01-13,-1.2576216507389826
1837,2014-01-14,1.0817971767347556
1838,2014-01-15,0.5166188100786506
1839,2014-01-16,-0.13471203041567348
1840,2014-01-17,-0.38951743709020326
1841,2014-01-21,0.27737519941737343
1842,2014-01-22,0.05748652214816463
1843,2014-01-23,-0.8889576739850691
1844,2014-01-24,-2.087544856898549
1845,2014-01-27,-0.4876293940238585
1846,2014-01-28,0.614065260021901
1847,2014-01-29,-1.0209232261157553
1848,2014-01-30,1.1267044743841437
1849,2014-01-31,-0.6465299642046674
1850,2014-02-03,-2.283191982018462
1851,2014-02-04,0.7641088938743268
1852,2014-02-05,-0.20282227794392593
1853,2014-02-06,1.2439792925644788
1854,2014-02-07,1.3301886798946505
1855,2014-02-10,0.15692347655638095
1856,2014-02-11,1.1062113608869106
1857,2014-02-12,-0.026926239009483766
1858,2014-02-13,0.5810025082904069
1859,2014-02-14,0.48092167247599793
1860,2014-02-18,0.11584739056558213
1861,2014-02-19,-0.6524484290135191
1862,2014-02-20,0.6031458262132583
1863,2014-02-21,-0.19187235651341172
1864,2014-02-24,0.618651346579302
1865,2014-02-25,-0.13476817370097205
1866,2014-02-26,0.0021699977565736717
1867,2014-02-27,0.4948082937896281
1868,2014-02-28,0.2782688792301258
1869,2014-03-03,-0.7378510346287226
1870,2014-03-04,1.526770113133269
1871,2014-03-05,-0.005335132643191631
1872,2014-03-06,0.17184082710823834
1873,2014-03-07,0.05380892952486782
1874,2014-03-10,-0.04632463094992323
1875,2014-03-11,-0.5082138985368356
1876,2014-03-12,0.030517087837123036
1877,2014-03-13,-1.1701095130556172
1878,2014-03-14,-0.28217776974703845
1879,2014-03-17,0.9613634629240364
1880,2014-03-18,0.721961893372769
1881,2014-03-19,-0.6131649335692324
1882,2014-03-20,0.6040504799839086
1883,2014-03-21,-0.2932671409733745
1884,2014-03-24,-0.48647097432581443
1885,2014-03-25,0.44039398144655184
1886,2014-03-26,-0.7000319763734719
1887,2014-03-27,-0.19000838946738874
1888,2014-03-28,0.46402218845611465
1889,2014-03-31,0.7924102207026662
1890,2014-04-01,0.7039348596697304
1891,2014-04-02,0.2853326841976367
1892,2014-04-03,-0.11264502910314222
1893,2014-04-04,-1.2537288005457836
1894,2014-04-07,-1.0750112394172895
1895,2014-04-08,0.37505537703756975
1896,2014-04-09,1.0918212704340347
1897,2014-04-10,-2.0884795550912827
1898,2014-04-11,-0.9486773662544357
1899,2014-04-14,0.8217286225508769
1900,2014-04-15,0.6757307791485534
1901,2014-04-16,1.0488490558689278
1902,2014-04-17,0.1363852909705754
1903,2014-04-21,0.3775123551313042
1904,2014-04-22,0.40921390251265066
1905,2014-04-23,-0.2213313863220212
1906,2014-04-24,0.17169605671216726
1907,2014-04-25,-0.8096390978489132
1908,2014-04-28,0.3236035858039221
1909,2014-04-29,0.4760757069291355
1910,2014-04-30,0.2992016977140688
1911,2014-05-01,-0.014326148142607131
1912,2014-05-02,-0.13484450597095465
1913,2014-05-05,0.1871216126306141
1914,2014-05-06,-0.8988392160571124
1915,2014-05-07,0.5616468420812426
1916,2014-05-08,-0.13736249452109828
1917,2014-05-09,0.1519476431128819
1918,2014-05-12,0.9672737603931392
1919,2014-05-13,0.04217577030636299
1920,2014-05-14,-0.4701005088166399
1921,2014-05-15,-0.9361807033335889
1922,2014-05-16,0.374696520677964
1923,2014-05-19,0.38447864907102947
1924,2014-05-20,-0.649839809746755
1925,2014-05-21,0.8116098951240547
1926,2014-05-22,0.23622298736216685
1927,2014-05-23,0.42483918562254974
1928,2014-05-27,0.5987805879090757
1929,2014-05-28,-0.11140717108722997
1930,2014-05-29,0.5367110265454889
1931,2014-05-30,0.18436779311643559
1932,2014-06-02,0.07278261010281728
1933,2014-06-03,-0.037921654875650024
1934,2014-06-04,0.1891663548679423
1935,2014-06-05,0.6525279593556643
1936,2014-06-06,0.4627758701298612
1937,2014-06-09,0.09387712266117898
1938,2014-06-10,-0.024598362294592224
1939,2014-06-11,-0.35370410325543666
1940,2014-06-12,-0.708889350376507
1941,2014-06-13,0.3134561695468774
1942,2014-06-16,0.08367051734305964
1943,2014-06-17,0.21725690603942027
1944,2014-06-18,0.7718881307192449
1945,2014-06-19,0.12774785766593855
1946,2014-06-20,0.17300583227324307
1947,2014-06-23,-0.013246407875799893
1948,2014-06-24,-0.6435310620591883
1949,2014-06-25,0.48975112174378665
1950,2014-06-26,-0.117888399729138
1951,2014-06-27,0.1910868625069062
1952,2014-06-30,-0.03722566922789161
1953,2014-07-01,0.6677770440579822
1954,2014-07-02,0.06588129971369927
1955,2014-07-03,0.5479508115899812
1956,2014-07-07,-0.3923521850109468
1957,2014-07-08,-0.704880201475111
1958,2014-07-09,0.46442678901692513
1959,2014-07-10,-0.41310718740547037
1960,2014-07-11,0.14709227452411877
1961,2014-07-14,0.48435529902501884
1962,2014-07-15,-0.19320956634630848
1963,2014-07-16,0.4201084929208676
1964,2014-07-17,-1.183402645755216
1965,2014-07-18,1.0264935568841116
1966,2014-07-21,-0.23202504717819705
1967,2014-07-22,0.5016150134305564
1968,2014-07-23,0.17544380056517817
1969,2014-07-24,0.048815592189166424
1970,2014-07-25,-0.4849150767687549
1971,2014-07-28,0.02881549022029084
1972,2014-07-29,-0.45277869398073767
1973,2014-07-30,0.006091277451791832
1974,2014-07-31,-1.9999240340662028
1975,2014-08-01,-0.2859121137017251
1976,2014-08-04,0.7189032358413172
1977,2014-08-05,-0.9685469956760784
1978,2014-08-06,0.001563854864095049
1979,2014-08-07,-0.5556620005611967
1980,2014-08-08,1.1531402436471216
1981,2014-08-11,0.2759425250346226
1982,2014-08-12,-0.163664161317445
1983,2014-08-13,0.6707160027472625
1984,2014-08-14,0.43458140539631707
1985,2014-08-15,-0.006137292417629503
1986,2014-08-18,0.8531672245722488
1987,2014-08-19,0.5000651911710952
1988,2014-08-20,0.2477812999687634
1989,2014-08-21,0.29498896671826813
1990,2014-08-22,-0.19925870761225983
1991,2014-08-25,0.4787778824361766
1992,2014-08-26,0.10510808940034089
1993,2014-08-27,0.00499872926076339
1994,2014-08-28,-0.1689901051468934
1995,2014-08-29,0.332041473363498
1996,2014-09-02,-0.05440661600049079
1997,2014-09-03,-0.07791410646480479
1998,2014-09-04,-0.15344207755288997
1999,2014-09-05,0.5035885365550108
2000,2014-09-08,-0.3073114142502442
2001,2014-09-09,-0.6545009043329442
2002,2014-09-10,0.36460744169486414
2003,2014-09-11,0.08819054148185845
2004,2014-09-12,-0.5962558462297207
2005,2014-09-15,-0.07101514711097545
2006,2014-09-16,0.7484376300642026
2007,2014-09-17,0.12956437010964716
2008,2014-09-18,0.48911800862372345
2009,2014-09-19,-0.047726958102545236
2010,2014-09-22,-0.8013323296818919
2011,2014-09-23,-0.5776501564770165
2012,2014-09-24,0.783249148610099
2013,2014-09-25,-1.6168772358634453
2014,2014-09-26,0.8575824615237426
2015,2014-09-29,-0.2546802239196233
2016,2014-09-30,-0.2785928622506484
2017,2014-10-01,-1.3248560995234304
2018,2014-10-02,0.0005143341477165109
2019,2014-10-03,1.11655096821337
2020,2014-10-06,-0.15651598591330806
2021,2014-10-07,-1.5126053030587783
2022,2014-10-08,1.7461650296527242
2023,2014-10-09,-2.066141501469354
2024,2014-10-10,-1.1451012338901223
2025,2014-10-13,-1.6467929557809624
2026,2014-10-14,0.15788647774723774
2027,2014-10-15,-0.8100314924121665
2028,2014-10-16,0.01449777086941495
2029,2014-10-17,1.2884107385910504
2030,2014-10-20,0.914265720638352
2031,2014-10-21,1.9574487182363987
2032,2014-10-22,-0.7299330200416732
2033,2014-10-23,1.2303377138681793
2034,2014-10-24,0.7053449392805167
2035,2014-10-27,-0.15015683952100956
2036,2014-10-28,1.1939073060167393
2037,2014-10-29,-0.13853554985293615
2038,2014-10-30,0.6230124240393486
2039,2014-10-31,1.1731393541549506
2040,2014-11-03,-0.011892184463624389
2041,2014-11-04,-0.28298416808328897
2042,2014-11-05,0.5700497411807115
2043,2014-11-06,0.37755130048497954
2044,2014-11-07,0.034958621780534216
2045,2014-11-10,0.3120184693883088
2046,2014-11-11,0.06966942090356198
2047,2014-11-12,-0.07011166816754955
2048,2014-11-13,0.052984474656558866
2049,2014-11-14,0.024027020881067784
2050,2014-11-17,0.07353590216279127
2051,2014-11-18,0.5133983312177293
2052,2014-11-19,-0.15011590075549863
2053,2014-11-20,0.19670962134916703
2054,2014-11-21,0.5236877359639402
2055,2014-11-24,0.28640233144536786
2056,2014-11-25,-0.11500296768531815
2057,2014-11-26,0.28059818899186517
2058,2014-11-28,-0.2542427180532325
2059,2014-12-01,-0.6829362527492333
2060,2014-12-02,0.6384461097458161
2061,2014-12-03,0.3764742741791727
2062,2014-12-04,-0.11618962070774064
2063,2014-12-05,0.16652165347093018
2064,2014-12-08,-0.7256565211683386
2065,2014-12-09,-0.023782354133117245
2066,2014-12-10,-1.635096881921505
2067,2014-12-11,0.45356892119050585
2068,2014-12-12,-1.6213587335965784
2069,2014-12-15,-0.6342586611898127
2070,2014-12-16,-0.8489022887163578
2071,2014-12-17,2.0352415732846962
2072,2014-12-18,2.401520473971619
2073,2014-12-19,0.4570048934014581
2074,2014-12-22,0.3810463907886641
2075,2014-12-23,0.17463617463617798
2076,2014-12-24,-0.013929653841071588
2077,2014-12-26,0.3309574570383944
2078,2014-12-29,0.08617745425745227
2079,2014-12-30,-0.48886047197381766
2080,2014-12-31,-1.0310858415930158
2081,2015-01-02,-0.03399636723855348
2082,2015-01-05,-1.8278105145113743
2083,2015-01-06,-0.8893471722946522
2084,2015-01-07,1.162984267174294
2085,2015-01-08,1.7888280629516196
2086,2015-01-09,-0.8403811034715436
2087,2015-01-12,-0.8093685160912578
2088,2015-01-13,-0.25785552362955766
2089,2015-01-14,-0.5813067327385291
2090,2015-01-15,-0.9247875921837956
2091,2015-01-16,1.3424199395820402
2092,2015-01-20,0.15499523698385698
2093,2015-01-21,0.4731623968765364
2094,2015-01-22,1.5269721916580492
2095,2015-01-23,-0.5491522439307173
2096,2015-01-26,0.2568460857030219
2097,2015-01-27,-1.338786241041101
2098,2015-01-28,-1.3495609366348305
2099,2015-01-29,0.9534685287099887
2100,2015-01-30,-1.2991965252009852
2101,2015-02-02,1.296246371066978
2102,2015-02-03,1.4439495293299576
2103,2015-02-04,-0.41560462088314765
2104,2015-02-05,1.0291406686777416
2105,2015-02-06,-0.34181723141418763
2106,2015-02-09,-0.42471943609877494
2107,2015-02-10,1.0675561019232394
2108,2015-02-11,-0.002903358867545336
2109,2015-02-12,0.9644506431775834
2110,2015-02-13,0.40747384917307894
2111,2015-02-17,0.15975744623728527
2112,2015-02-18,-0.03143092177338991
2113,2015-02-19,-0.10620573331896477
2114,2015-02-20,0.6126533626735764
2115,2015-02-23,-0.03033391953459752
2116,2015-02-24,0.2758770892866691
2117,2015-02-25,-0.07657236475081541
2118,2015-02-26,-0.1476028227480719
2119,2015-02-27,-0.29563045487578377
2120,2015-03-02,0.6124919257840311
2121,2015-03-03,-0.45385421527393
2122,2015-03-04,-0.438850348301556
2123,2015-03-05,0.11960799848387271
2124,2015-03-06,-1.4173946589881803
2125,2015-03-09,0.39444211911976446
2126,2015-03-10,-1.696133008584244
2127,2015-03-11,-0.19176795748703235
2128,2015-03-12,1.2601439566208406
2129,2015-03-13,-0.6074710968194674
2130,2015-03-16,1.3533671171787054
2131,2015-03-17,-0.3320173700583018
2132,2015-03-18,1.2158421402569175
2133,2015-03-19,-0.4872579408787825
2134,2015-03-20,0.9012754669798451
2135,2015-03-23,-0.17457310425351702
2136,2015-03-24,-0.6139421956948832
2137,2015-03-25,-1.4558905652342857
2138,2015-03-26,-0.2377499996742527
2139,2015-03-27,0.23685613495147972
2140,2015-03-30,1.2236645187396533
2141,2015-03-31,-0.8795775050879251
2142,2015-04-01,-0.3965371271123064
2143,2015-04-02,0.35296669586522
2144,2015-04-06,0.660881512373579
2145,2015-04-07,-0.20619040578628844
2146,2015-04-08,0.2682533127767339
2147,2015-04-09,0.44574810183850566
2148,2015-04-10,0.5202865037342352
2149,2015-04-13,-0.458128059365126
2150,2015-04-14,0.16297588743277025
2151,2015-04-15,0.5148195696902835
2152,2015-04-16,-0.07784436134247175
2153,2015-04-17,-1.1311245518606405
2154,2015-04-20,0.9235131672624686
2155,2015-04-21,-0.14806053255762563
2156,2015-04-22,0.5087480356207541
2157,2015-04-23,0.2357715893671175
2158,2015-04-24,0.2252800575326619
2159,2015-04-27,-0.41413142499162614
2160,2015-04-28,0.2769231695356478
2161,2015-04-29,-0.37403355807980043
2162,2015-04-30,-1.0128906614839228
2163,2015-05-01,1.0923001659165044
2164,2015-05-04,0.2940748690645867
2165,2015-05-05,-1.1837383677612334
2166,2015-05-06,-0.44557248130147054
2167,2015-05-07,0.37738134388320965
2168,2015-05-08,1.3457901176364917
2169,2015-05-11,-0.5089560528435566
2170,2015-05-12,-0.29496376848567873
2171,2015-05-13,-0.030495478248648844
2172,2015-05-14,1.0779286625573148
2173,2015-05-15,0.07684139066803652
2174,2015-05-18,0.3047948049283322
2175,2015-05-19,-0.0643374543626618
2176,2015-05-20,-0.09305162517933008
2177,2015-05-21,0.23378744854138933
2178,2015-05-22,-0.22338863033564138
2179,2015-05-26,-1.028198019783788
2180,2015-05-27,0.9162641262365545
2181,2015-05-28,-0.12667608976734135
2182,2015-05-29,-0.6318469173072216
2183,2015-06-01,0.20594612823712222
2184,2015-06-02,-0.10085961899480855
2185,2015-06-03,0.21188711112078984
2186,2015-06-04,-0.8623167576889856
2187,2015-06-05,-0.14361829335245435
2188,2015-06-08,-0.6474509789282434
2189,2015-06-09,0.041835300422188304
2190,2015-06-10,1.2042424827124476
2191,2015-06-11,0.17386264178671507
2192,2015-06-12,-0.6994299881765143
2193,2015-06-15,-0.46225724936533874
2194,2015-06-16,0.56898566086796
2195,2015-06-17,0.19796413026920145
2196,2015-06-18,0.9902710578908236
2197,2015-06-19,-0.530350174982186
2198,2015-06-22,0.6094866554531064
2199,2015-06-23,0.06358685039113965
2200,2015-06-24,-0.735329696164333
2201,2015-06-25,-0.29735743006855664
2202,2015-06-26,-0.03900796440671206
2203,2015-06-29,-2.086619391956246
2204,2015-06-30,0.26584898861461426
2205,2015-07-01,0.6936040108400654
2206,2015-07-02,-0.030802274079833047
2207,2015-07-06,-0.3861756863082544
2208,2015-07-07,0.608097510857486
2209,2015-07-08,-1.6652749054007043
2210,2015-07-09,0.22622025726091177
2211,2015-07-10,1.2338485100151564
2212,2015-07-13,1.1066049239604414
2213,2015-07-14,0.4453159211633695
2214,2015-07-15,-0.0734986066058041
2215,2015-07-16,0.8014680412562258
2216,2015-07-17,0.11061829940426371
2217,2015-07-20,0.077123387202227
2218,2015-07-21,-0.42616893616069795
2219,2015-07-22,-0.23877098952062026
2220,2015-07-23,-0.5676040278268291
2221,2015-07-24,-1.070332804283558
2222,2015-07-27,-0.5775015185050969
2223,2015-07-28,1.2386154626733425
2224,2015-07-29,0.7318795346650031
2225,2015-07-30,0.002836730636679441
2226,2015-07-31,-0.2271519985995063
2227,2015-08-03,-0.2756886733696673
2228,2015-08-04,-0.2249704779339723
2229,2015-08-05,0.31146787487494887
2230,2015-08-06,-0.775298528243118
2231,2015-08-07,-0.28748824444340126
2232,2015-08-10,1.2808166466444781
2233,2015-08-11,-0.955710249815489
2234,2015-08-12,0.09500546545004873
2235,2015-08-13,-0.12752120935421996
2236,2015-08-14,0.3911964108786803
2237,2015-08-17,0.521142418513576
2238,2015-08-18,-0.2625530186397551
2239,2015-08-19,-0.8254876246131082
2240,2015-08-20,-2.1100170073477753
2241,2015-08-21,-3.1850965718637325
2242,2015-08-24,-3.9413692866465677
2243,2015-08-25,-1.352199497897244
2244,2015-08-26,3.903385877450183
2245,2015-08-27,2.4297748621125326
2246,2015-08-28,0.06087363616984476
2247,2015-08-31,-0.8391670369217175
2248,2015-09-01,-2.9576446640986798
2249,2015-09-02,1.8292975004431389
2250,2015-09-03,0.11647935451044589
2251,2015-09-04,-1.5329595723932221
2252,2015-09-08,2.508305358648033
2253,2015-09-09,-1.389756050907287
2254,2015-09-10,0.5277955033794246
2255,2015-09-11,0.44870432109727076
2256,2015-09-14,-0.4089655710746709
2257,2015-09-15,1.283131142251781
2258,2015-09-16,0.8705414349693852
2259,2015-09-17,-0.2561059320011938
2260,2015-09-18,-1.6164165744279924
2261,2015-09-21,0.4565783605198437
2262,2015-09-22,-1.2318429274285614
2263,2015-09-23,-0.2048642890328245
2264,2015-09-24,-0.3362984329369434
2265,2015-09-25,-0.046579328582951884
2266,2015-09-28,-2.566609046896018
2267,2015-09-29,0.1232853252514099
2268,2015-09-30,1.9075555906861608
2269,2015-10-01,0.1973884228037459
2270,2015-10-02,1.4315289284541954
2271,2015-10-05,1.8289840800508328
2272,2015-10-06,-0.35882361830883447
2273,2015-10-07,0.8035633639867479
2274,2015-10-08,0.8818435459823082
2275,2015-10-09,0.0725111326717931
2276,2015-10-12,0.12754772073804155
2277,2015-10-13,-0.6825423947869114
2278,2015-10-14,-0.47162741982138545
2279,2015-10-15,1.485277361914017
2280,2015-10-16,0.4570474275370051
2281,2015-10-19,0.027054553471672627
2282,2015-10-20,-0.14210903493528937
2283,2015-10-21,-0.5825414995899281
2284,2015-10-22,1.662757156411132
2285,2015-10-23,1.103034453932339
2286,2015-10-26,-0.19131006866738298
2287,2015-10-27,-0.2554118539720318
2288,2015-10-28,1.184003327863703
2289,2015-10-29,-0.04497742019048401
2290,2015-10-30,-0.48098770036724137
2291,2015-11-02,1.1873817006551102
2292,2015-11-03,0.2728067346863705
2293,2015-11-04,-0.3545367230984642
2294,2015-11-05,-0.11321483923818487
2295,2015-11-06,-0.03476213457177524
2296,2015-11-09,-0.9822729385718598
2297,2015-11-10,0.15105949543003927
2298,2015-11-11,-0.3228085812548187
2299,2015-11-12,-1.3990375564759017
2300,2015-11-13,-1.1207364706699363
2301,2015-11-16,1.4903265264943455
2302,2015-11-17,-0.13393792481354305
2303,2015-11-18,1.616245179852549
2304,2015-11-19,-0.112310916925773
2305,2015-11-20,0.3810195689989637
2306,2015-11-23,-0.12348607728660532
2307,2015-11-24,0.12219959743400288
2308,2015-11-25,-0.012913227667687988
2309,2015-11-27,0.05936176807606053
2310,2015-11-30,-0.4640997274763192
2311,2015-12-01,1.068057336863748
2312,2015-12-02,-1.0995693172566212
2313,2015-12-03,-1.4373526666262015
2314,2015-12-04,2.05256690573854
2315,2015-12-07,-0.6989502964787397
2316,2015-12-08,-0.6489901652377839
2317,2015-12-09,-0.7738985017979982
2318,2015-12-10,0.22513871531610885
2319,2015-12-11,-1.9422767297482935
2320,2015-12-14,0.4755560017433602
2321,2015-12-15,1.0618561082731848
2322,2015-12-16,1.4514969430300617
2323,2015-12-17,-1.5040520909943678
2324,2015-12-18,-1.779722000676387
2325,2015-12-21,0.7778402536028795
2326,2015-12-22,0.8816736053143037
2327,2015-12-23,1.241806830075265
2328,2015-12-24,-0.1598636221499028
2329,2015-12-28,-0.217855994238203
2330,2015-12-29,1.0629762908764828
2331,2015-12-30,-0.7217228595965963
2332,2015-12-31,-0.941191309542666
2333,2016-01-04,-1.5303731089594375
2334,2016-01-05,0.20122259542274534
2335,2016-01-06,-1.3115396702646942
2336,2016-01-07,-2.3700443014411654
2337,2016-01-08,-1.0838374390218508
2338,2016-01-11,0.0853272125533655
2339,2016-01-12,0.780279851675636
2340,2016-01-13,-2.496545230421965
2341,2016-01-14,1.6695905386662213
2342,2016-01-15,-2.1599098001850003
2343,2016-01-19,0.05318215543925753
2344,2016-01-20,-1.1693855152413501
2345,2016-01-21,0.5195438361131455
2346,2016-01-22,2.0283701024494727
2347,2016-01-25,-1.5637982053378963
2348,2016-01-26,1.4144335590226431
2349,2016-01-27,-1.0863483795639506
2350,2016-01-28,0.5528577205787588
2351,2016-01-29,2.47602174153414
2352,2016-02-01,-0.044323658717015935
2353,2016-02-02,-1.8743090830274922
2354,2016-02-03,0.4992038934619414
2355,2016-02-04,0.15267325638141926
2356,2016-02-05,-1.8481246310869337
2357,2016-02-08,-1.4153935656373462
2358,2016-02-09,-0.06636203533073592
2359,2016-02-10,-0.018895027740828407
2360,2016-02-11,-1.2301161792504733
2361,2016-02-12,1.9518049565855122
2362,2016-02-16,1.651665412216241
2363,2016-02-17,1.648043921048603
2364,2016-02-18,-0.4665713707027619
2365,2016-02-19,-0.0026032942938902792
2366,2016-02-22,1.4454197186153817
2367,2016-02-23,-1.2454371867771763
2368,2016-02-24,0.4439786812972857
2369,2016-02-25,1.1348275359951865
2370,2016-02-26,-0.18701144822791393
2371,2016-02-29,-0.8120976341902342
2372,2016-03-01,2.3868791801894718
2373,2016-03-02,0.40943087350044927
2374,2016-03-03,0.34987406745825567
2375,2016-03-04,0.3305892314438674
2376,2016-03-07,0.08850141950174084
2377,2016-03-08,-1.1240108649505087
2378,2016-03-09,0.5052393293786706
2379,2016-03-10,0.015580493345068724
2380,2016-03-11,1.6395500534188479
2381,2016-03-14,-0.1260972921287129
2382,2016-03-15,-0.18369416879204792
2383,2016-03-16,0.5600351545632654
2384,2016-03-17,0.6595236486620859
2385,2016-03-18,0.44056436889678974
2386,2016-03-21,0.09855772666846896
2387,2016-03-22,-0.0877387766836879
2388,2016-03-23,-0.6386031602501285
2389,2016-03-24,-0.03780702927851376
2390,2016-03-28,0.05452554858313974
2391,2016-03-29,0.8816651779288476
2392,2016-03-30,0.4350315260639448
2393,2016-03-31,-0.20397592175670498
2394,2016-04-01,0.6330915127309877
2395,2016-04-04,-0.3208322345054082
2396,2016-04-05,-1.0144492387214377
2397,2016-04-06,1.0507619269939372
2398,2016-04-07,-1.1975786526205012
2399,2016-04-08,0.27865779152880243
2400,2016-04-11,-0.2739785807018835
2401,2016-04-12,0.9662133782783799
2402,2016-04-13,1.004013710204088
2403,2016-04-14,0.01729273803483533
2404,2016-04-15,-0.09842848497145784
2405,2016-04-18,0.6541025289023228
2406,2016-04-19,0.3084485167834661
2407,2016-04-20,0.07615448773992117
2408,2016-04-21,-0.5194027008290192
2409,2016-04-22,0.004785972478082989
2410,2016-04-25,-0.18120458796383465
2411,2016-04-26,0.18727515871905798
2412,2016-04-27,0.1649352800310755
2413,2016-04-28,-0.9230768513682652
2414,2016-04-29,-0.5063088369821722
2415,2016-05-02,0.7809946463542827
2416,2016-05-03,-0.8676638198860664
2417,2016-05-04,-0.5936889314214544
2418,2016-05-05,-0.02390081258001331
2419,2016-05-06,0.31746390805036384
2420,2016-05-09,0.07534970439868616
2421,2016-05-10,1.2483643435067249
2422,2016-05-11,-0.9561518078546327
2423,2016-05-12,-0.01694649071644072
2424,2016-05-13,-0.847828902508041
2425,2016-05-16,0.9796652464963085
2426,2016-05-17,-0.9411297455333645
2427,2016-05-18,0.020517873267866804
2428,2016-05-19,-0.3706707658226005
2429,2016-05-20,0.6019504059596059
2430,2016-05-23,-0.20854589704891735
2431,2016-05-24,1.3681382686285826
2432,2016-05-25,0.6974740643369559
2433,2016-05-26,-0.02104439035032213
2434,2016-05-27,0.4286857336424754
2435,2016-05-31,-0.10052630048559275
2436,2016-06-01,0.11350423274503196
2437,2016-06-02,0.28246780734553223
2438,2016-06-03,-0.2911814656949452
2439,2016-06-06,0.4897281193053882
2440,2016-06-07,0.12894462510633087
2441,2016-06-08,0.33095665337075086
2442,2016-06-09,-0.17177585589538413
2443,2016-06-10,-0.9175181182794367
2444,2016-06-13,-0.8115191387155773
2445,2016-06-14,-0.17988851350955182
2446,2016-06-15,-0.18407128700851372
2447,2016-06-16,0.31329906996742096
2448,2016-06-17,-0.32579654199809127
2449,2016-06-20,0.580818525653326
2450,2016-06-21,0.2712061607464289
2451,2016-06-22,-0.16515636618127383
2452,2016-06-23,1.336407865930278
2453,2016-06-24,-3.5919799994431734
2454,2016-06-27,-1.809650217612302
2455,2016-06-28,1.777016508725926
2456,2016-06-29,1.7032672570028273
2457,2016-06-30,1.3565044705922347
2458,2016-07-01,0.194860235588723
2459,2016-07-05,-0.6847477437932237
2460,2016-07-06,0.5352963242081676
2461,2016-07-07,-0.08715778419239317
2462,2016-07-08,1.5253349296718177
2463,2016-07-11,0.3408615474199461
2464,2016-07-12,0.7009293213798395
2465,2016-07-13,0.013476775533982632
2466,2016-07-14,0.525920411762093
2467,2016-07-15,-0.09289473209127541
2468,2016-07-18,0.23822949878407051
2469,2016-07-19,-0.1435173652293842
2470,2016-07-20,0.42703001734318846
2471,2016-07-21,-0.3612528916297486
2472,2016-07-22,0.4553964713003289
2473,2016-07-25,-0.30114751244342264
2474,2016-07-26,0.03227842443460638
2475,2016-07-27,-0.11985421207814095
2476,2016-07-28,0.16062090221755643
2477,2016-07-29,0.16313092573088106
2478,2016-08-01,-0.12697872845152114
2479,2016-08-02,-0.6361619481225378
2480,2016-08-03,0.31339432802557354
2481,2016-08-04,0.021257188969192597
2482,2016-08-05,0.8603496447961101
2483,2016-08-08,-0.09071655678379864
2484,2016-08-09,0.03897939364765346
2485,2016-08-10,-0.28646859974036376
2486,2016-08-11,0.47345880120621686
2487,2016-08-12,-0.07960463737501922
2488,2016-08-15,0.27929092187690685
2489,2016-08-16,-0.547907701986905
2490,2016-08-17,0.1868589648029051
2491,2016-08-18,0.21996173129046337
2492,2016-08-19,-0.14402713809749113
2493,2016-08-22,-0.0563323157221185
2494,2016-08-23,0.19517694055308787
2495,2016-08-24,-0.5240276852734871
2496,2016-08-25,-0.13652276243513173
2497,2016-08-26,-0.15788165944199406
2498,2016-08-29,0.5228047221710774
2499,2016-08-30,-0.19536804841114863
2500,2016-08-31,-0.23758642617150993
2501,2016-09-01,-0.0041384533048027805
2502,2016-09-02,0.4201041336424849
2503,2016-09-06,0.2981678757711492
2504,2016-09-07,-0.014638522293097811
2505,2016-09-08,-0.22230136296667036
2506,2016-09-09,-2.452206896667508
2507,2016-09-12,1.467705274849096
2508,2016-09-13,-1.4830674258895948
2509,2016-09-14,-0.058767665020631465
2510,2016-09-15,1.0109273363029914
2511,2016-09-16,-0.37722947474507773
2512,2016-09-19,-0.0018603060785604697
2513,2016-09-20,0.029913821714999678
2514,2016-09-21,1.0917162352442444
2515,2016-09-22,0.6499784427785649
2516,2016-09-23,-0.573677446354337
